station,annee,mois_max_temperature,max_temperature,mois_max_temperature,min_temperature,mois_max_precipitations,max_precipitations,mois_max_precipitations,min_precipitations,jours_haute_chaleur
7005,1996,8,19.100000000000023,12,2.0,,,,,0.0
7005,1997,8,23.300000000000008,1,2.1000000000000227,,,,,0.0
7005,1998,8,19.80000000000001,12,6.7000000000000455,,,,,0.0
7005,1999,7,22.800000000000008,2,6.2000000000000455,,,,,0.0
7005,2000,8,20.70000000000005,1,5.600000000000024,,,,,0.0
7005,2001,8,21.0,12,3.400000000000034,,,,,0.0
7005,2002,8,20.70000000000005,1,6.800000000000013,,,,,0.0
7005,2003,8,23.300000000000008,2,5.050000000000011,,,,,4.0
7005,2004,8,20.400000000000034,12,4.800000000000012,,,,,0.0
7005,2005,9,19.80000000000001,2,3.950000000000017,,,,,0.0
7005,2006,7,24.900000000000034,1,3.8000000000000114,,,,,1.0
7005,2007,8,19.20000000000005,12,6.800000000000013,,,,,0.0
7005,2008,5,19.600000000000023,12,4.300000000000011,,,,,0.0
7005,2009,8,21.30000000000001,1,2.400000000000034,,,,,0.0
7005,2010,7,22.200000000000053,12,1.2000000000000457,,,,,0.0
7005,2011,7,19.100000000000023,1,5.900000000000035,,,,,1.0
7005,2012,8,22.200000000000053,2,5.400000000000035,,,,,0.0
7005,2013,7,23.300000000000008,2,3.2500000000000284,,,,,0.0
7005,2014,7,20.70000000000005,12,6.600000000000023,12.0,1.0,12.0,1.0,0.0
7005,2015,8,20.600000000000023,1,6.300000000000013,11.0,1.4,6.0,0.0,1.0
7005,2016,8,22.0,2,5.900000000000035,2.0,1.4,7.0,0.0,1.0
7005,2017,7,20.80000000000001,1,2.900000000000034,12.0,2.2,1.0,0.0,1.0
7005,2018,7,25.5,2,3.450000000000017,12.0,2.8,2.0,0.0,2.0
7005,2019,7,22.0,1,4.600000000000024,10.0,25.5,2.0,0.0,2.0
7015,1996,8,21.390000000000047,12,1.8000000000000114,,,,,0.0
7015,1997,8,26.200000000000053,1,2.300000000000012,,,,,0.0
7015,1998,8,20.890000000000047,1,6.390000000000043,,,,,1.0
7015,1999,7,23.300000000000008,12,5.5,,,,,0.0
7015,2000,8,21.390000000000047,1,5.7000000000000455,,,,,0.0
7015,2001,8,22.100000000000023,12,2.900000000000034,,,,,0.0
7015,2002,8,21.0,12,5.300000000000012,,,,,0.0
7015,2003,8,23.200000000000053,1,5.0,,,,,3.0
7015,2004,8,21.400000000000034,12,4.900000000000034,,,,,0.0
7015,2005,6,20.650000000000006,2,4.450000000000017,,,,,0.0
7015,2006,7,27.0,1,2.900000000000034,,,,,1.0
7015,2007,7,19.900000000000034,12,4.7000000000000455,,,,,0.0
7015,2008,7,20.600000000000023,12,4.600000000000024,,,,,0.0
7015,2009,8,23.0,1,2.5,,,,,0.0
7015,2010,7,23.200000000000053,12,0.20000000000004547,,,,,2.0
7015,2011,8,20.0,1,5.800000000000013,,,,,1.0
7015,2012,8,22.300000000000008,2,5.550000000000011,,,,,0.0
7015,2013,7,24.400000000000034,2,3.1000000000000223,,,,,2.0
7015,2014,7,21.600000000000023,12,5.900000000000035,12.0,0.4,12.0,0.4,0.0
7015,2015,8,22.800000000000008,1,4.7000000000000455,11.0,1.0,4.0,0.0,1.0
7015,2016,8,22.300000000000008,2,6.5,4.0,1.0,3.0,0.0,1.0
7015,2017,7,22.600000000000023,1,3.0,11.0,1.8,1.0,0.0,0.0
7015,2018,7,26.5,2,4.050000000000011,12.0,1.4,2.0,0.0,3.0
7015,2019,8,22.800000000000008,1,4.900000000000034,10.0,21.0,2.0,0.0,4.0
7020,1996,8,18.5,2,6.890000000000043,,,,,0.0
7020,1997,8,19.70000000000005,1,6.300000000000013,,,,,0.0
7020,1998,8,18.44500000000002,12,9.5,,,,,0.0
7020,1999,8,19.30000000000001,2,8.845000000000027,,,,,0.0
7020,2000,8,18.80000000000001,1,8.390000000000043,,,,,0.0
7020,2001,8,18.5,1,8.100000000000023,,,,,0.0
7020,2002,8,19.100000000000023,1,9.800000000000011,,,,,0.0
7020,2003,8,19.900000000000034,2,8.400000000000006,,,,,0.0
7020,2004,8,19.600000000000023,2,8.300000000000011,,,,,0.0
7020,2005,8,19.400000000000034,2,7.200000000000018,,,,,0.0
7020,2006,7,19.0,2,6.8500000000000245,,,,,0.0
7020,2007,8,18.100000000000023,12,9.600000000000025,,,,,0.0
7020,2008,7,17.900000000000034,12,8.400000000000034,,,,,0.0
7020,2009,8,18.600000000000023,1,7.2000000000000455,,,,,0.0
7020,2010,7,18.400000000000034,12,5.800000000000013,,,,,0.0
7020,2011,9,17.650000000000006,1,7.5,,,,,0.0
7020,2012,8,18.5,2,8.550000000000011,,,,,0.0
7020,2013,8,18.80000000000001,3,6.25,,,,,0.0
7020,2014,9,19.0,2,9.100000000000023,12.0,0.6,12.0,0.6,0.0
7020,2015,8,18.0,2,7.300000000000013,1.0,1.1,4.0,0.0,0.0
7020,2016,8,18.80000000000004,2,8.5,1.0,2.0,3.0,0.0,0.0
7020,2017,8,18.5,1,8.950000000000017,12.0,0.8,1.0,0.0,0.0
7020,2018,7,19.400000000000006,2,7.200000000000018,1.0,2.6,5.0,0.0,0.0
7020,2019,8,19.20000000000005,1,7.400000000000035,10.0,7.4,1.0,0.0,0.0
7027,1996,8,20.70000000000005,12,4.5,,,,,0.0
7027,1997,8,25.200000000000053,1,4.0,,,,,0.0
7027,1998,8,21.150000000000034,12,7.890000000000043,,,,,1.0
7027,1999,7,22.800000000000008,12,7.800000000000013,,,,,0.0
7027,2000,8,21.30000000000001,1,6.800000000000013,,,,,1.0
7027,2001,8,21.400000000000034,12,5.300000000000012,,,,,2.0
7027,2002,7,19.900000000000034,1,8.800000000000011,,,,,0.0
7027,2003,8,24.0,12,7.0,,,,,5.0
7027,2004,8,21.900000000000034,12,6.900000000000035,,,,,0.0
7027,2005,7,20.80000000000001,2,5.700000000000019,,,,,1.0
7027,2006,7,24.200000000000053,1,5.5,,,,,2.0
7027,2007,8,19.400000000000034,12,7.2000000000000455,,,,,0.0
7027,2008,7,20.600000000000023,12,6.5,,,,,0.0
7027,2009,8,20.900000000000034,1,4.600000000000024,,,,,0.0
7027,2010,7,22.700000000000053,12,2.7000000000000446,,,,,0.0
7027,2011,9,19.700000000000017,1,6.7000000000000455,,,,,0.0
7027,2012,8,21.800000000000008,2,6.800000000000013,,,,,0.0
7027,2013,7,22.800000000000008,2,5.05000000000004,,,,,2.0
7027,2014,7,21.400000000000034,1,8.5,12.0,0.7,12.0,0.7,0.0
7027,2015,7,21.20000000000005,2,7.200000000000017,2.0,1.6,4.0,0.0,1.0
7027,2016,8,22.400000000000034,2,7.650000000000034,1.0,0.8,3.0,0.0,1.0
7027,2017,7,21.20000000000005,1,5.7000000000000455,12.0,0.8,1.0,0.0,2.0
7027,2018,7,24.800000000000008,2,4.800000000000011,12.0,2.2,7.0,0.0,1.0
7027,2019,7,22.800000000000008,1,6.800000000000013,10.0,0.6,1.0,0.0,3.0
7037,1996,7,20.0,12,2.6400000000000428,,,,,0.0
7037,1997,8,25.600000000000023,1,0.8000000000000114,,,,,0.0
7037,1998,8,21.5,12,5.745000000000033,,,,,0.0
7037,1999,7,23.600000000000023,12,5.7000000000000455,,,,,0.0
7037,2000,8,21.0,1,5.2000000000000455,,,,,0.0
7037,2001,8,20.70000000000005,12,3.5,,,,,0.0
7037,2002,8,19.80000000000001,1,6.7000000000000455,,,,,0.0
7037,2003,8,23.800000000000008,2,4.600000000000024,,,,,6.0
7037,2004,8,20.70000000000005,12,4.0,,,,,0.0
7037,2005,7,20.100000000000023,2,3.5500000000000114,,,,,0.0
7037,2006,7,25.0,1,4.0,,,,,2.0
7037,2007,6,19.350000000000023,12,5.300000000000012,,,,,0.0
7037,2008,7,19.70000000000005,12,5.100000000000024,,,,,0.0
7037,2009,8,22.5,1,2.7000000000000446,,,,,0.0
7037,2010,7,22.600000000000023,12,0.7000000000000455,,,,,0.0
7037,2011,8,19.400000000000034,1,4.7000000000000455,,,,,0.0
7037,2012,8,21.900000000000034,2,5.800000000000013,,,,,0.0
7037,2013,7,24.800000000000008,2,4.050000000000011,,,,,0.0
7037,2014,7,21.400000000000034,12,6.400000000000035,12.0,1.1,12.0,1.1,0.0
7037,2015,8,22.700000000000053,1,5.2000000000000455,1.0,0.6,4.0,0.0,1.0
7037,2016,8,22.200000000000053,12,6.400000000000035,1.0,2.2,7.0,0.0,3.0
7037,2017,6,23.05000000000001,1,3.900000000000034,12.0,2.2,4.0,0.0,2.0
7037,2018,7,25.600000000000023,2,3.050000000000012,12.0,2.2,4.0,0.0,1.0
7037,2019,7,22.700000000000053,1,4.600000000000024,10.0,1.4,4.0,0.0,3.0
7072,2012,5,24.400000000000034,12,6.500000000000028,,,,,2.0
7072,2013,7,26.100000000000023,2,2.6000000000000223,,,,,2.0
7072,2014,7,22.600000000000023,12,5.2000000000000455,12.0,0.4,12.0,0.4,1.0
7072,2015,8,25.700000000000053,1,4.800000000000012,1.0,0.2,2.0,0.0,6.0
7072,2016,8,23.100000000000023,12,5.400000000000035,4.0,0.8,3.0,0.0,3.0
7072,2017,6,23.600000000000023,1,1.1000000000000227,11.0,0.30000000000000004,1.0,0.0,1.0
7072,2018,7,27.700000000000053,2,3.950000000000017,1.0,0.6,2.0,0.0,7.0
7072,2019,7,24.300000000000008,1,5.0,10.0,0.6,2.0,0.0,5.0
7110,1996,7,19.100000000000023,12,6.600000000000023,,,,,0.0
7110,1997,8,21.345000000000027,1,7.2000000000000455,,,,,0.0
7110,1998,8,19.390000000000047,1,9.200000000000044,,,,,0.0
7110,1999,7,20.390000000000047,2,9.245000000000033,,,,,0.0
7110,2000,8,19.30000000000004,1,7.890000000000043,,,,,0.0
7110,2001,8,19.600000000000023,12,7.100000000000023,,,,,0.0
7110,2002,9,19.100000000000023,1,10.100000000000025,,,,,0.0
7110,2003,8,21.900000000000034,1,8.700000000000045,,,,,1.0
7110,2004,8,19.30000000000001,2,8.400000000000034,,,,,0.0
7110,2005,8,19.600000000000023,2,7.150000000000007,,,,,0.0
7110,2006,7,21.900000000000034,2,6.100000000000023,,,,,1.0
7110,2007,8,18.70000000000005,12,9.800000000000011,,,,,0.0
7110,2008,7,17.900000000000034,12,7.7000000000000455,,,,,0.0
7110,2009,7,19.100000000000023,1,8.200000000000045,,,,,0.0
7110,2010,7,19.0,12,5.7000000000000455,,,,,0.0
7110,2011,8,18.600000000000023,1,8.0,,,,,0.0
7110,2012,8,19.30000000000001,2,8.800000000000011,,,,,0.0
7110,2013,7,21.900000000000034,2,7.600000000000023,,,,,0.0
7110,2014,9,21.55000000000001,2,9.000000000000028,12.0,2.1,12.0,2.1,0.0
7110,2015,7,19.30000000000001,2,8.100000000000023,1.0,2.8,4.0,0.2,0.0
7110,2016,8,20.5,1,8.800000000000011,1.0,6.6,12.0,0.0,0.0
7110,2017,8,18.900000000000034,1,8.600000000000023,9.0,1.8,1.0,0.0,1.0
7110,2018,7,22.100000000000023,2,7.000000000000029,3.0,3.7,5.0,0.0,0.0
7110,2019,7,21.600000000000023,1,8.300000000000011,10.0,12.3,5.0,0.0,0.0
7117,1996,8,18.20000000000005,2,6.800000000000013,12.0,0.0,12.0,0.0,0.0
7117,1997,8,20.845000000000027,1,5.595000000000028,,,,,0.0
7117,1998,8,19.0,1,9.200000000000017,,,,,0.0
7117,1999,8,19.30000000000001,12,9.400000000000006,,,,,0.0
7117,2000,8,19.400000000000034,1,8.795000000000044,,,,,0.0
7117,2001,8,19.600000000000023,12,7.800000000000013,,,,,0.0
7117,2002,8,19.400000000000034,2,10.150000000000034,,,,,0.0
7117,2003,8,20.600000000000023,2,8.650000000000034,,,,,0.0
7117,2004,8,19.20000000000005,2,8.800000000000011,,,,,0.0
7117,2005,7,19.100000000000023,2,7.250000000000029,,,,,0.0
7117,2006,7,20.00000000000003,2,6.800000000000013,,,,,0.0
7117,2007,8,18.30000000000001,12,10.0,,,,,0.0
7117,2008,7,18.650000000000034,12,7.8500000000000245,,,,,0.0
7117,2009,7,19.0,1,7.400000000000035,,,,,0.0
7117,2010,7,18.900000000000034,1,6.2000000000000455,,,,,0.0
7117,2011,9,18.400000000000034,1,8.100000000000023,,,,,0.0
7117,2012,8,19.900000000000034,2,9.050000000000011,,,,,0.0
7117,2013,8,19.600000000000023,3,7.300000000000013,,,,,0.0
7117,2014,7,20.20000000000005,2,9.0,12.0,1.8,12.0,1.8,0.0
7117,2015,7,18.80000000000001,2,8.25,2.0,1.8,6.0,0.0,0.0
7117,2016,8,19.70000000000005,2,8.800000000000011,1.0,4.8,5.0,0.0,1.0
7117,2017,7,19.20000000000005,1,8.5,2.0,1.0,8.0,0.0,0.0
7117,2018,7,20.20000000000005,2,7.500000000000029,3.0,3.0,6.0,0.0,0.0
7117,2019,8,20.20000000000005,1,8.200000000000045,3.0,0.4,2.0,0.2,0.0
7130,1996,7,22.100000000000023,12,5.390000000000043,,,,,1.0
7130,1997,8,24.600000000000023,1,4.390000000000043,,,,,0.0
7130,1998,8,22.04500000000005,12,8.600000000000023,,,,,2.0
7130,1999,7,25.600000000000023,2,8.350000000000023,,,,,0.0
7130,2000,8,22.5,1,6.2000000000000455,,,,,0.0
7130,2001,8,22.700000000000053,12,5.800000000000013,,,,,2.0
7130,2002,8,22.300000000000008,1,10.0,,,,,0.0
7130,2003,8,26.0,1,6.400000000000035,,,,,8.0
7130,2004,8,21.900000000000034,12,6.5,,,,,1.0
7130,2005,8,22.600000000000023,2,6.950000000000017,,,,,1.0
7130,2006,7,25.300000000000008,2,6.2000000000000455,,,,,4.0
7130,2007,7,20.20000000000005,12,7.5,,,,,0.0
7130,2008,7,21.400000000000034,12,7.3500000000000245,,,,,0.0
7130,2009,8,21.600000000000023,1,5.100000000000024,,,,,0.0
7130,2010,7,22.900000000000034,12,4.0,,,,,0.0
7130,2011,7,20.70000000000005,1,7.2000000000000455,,,,,0.0
7130,2012,8,22.400000000000034,2,8.200000000000045,,,,,0.0
7130,2013,7,25.600000000000023,2,6.000000000000029,,,,,2.0
7130,2014,7,23.200000000000053,12,9.400000000000034,12.0,0.30000000000000004,12.0,0.30000000000000004,0.0
7130,2015,8,22.800000000000008,2,7.2000000000000455,2.0,0.9,3.0,0.0,0.0
7130,2016,8,23.600000000000023,12,7.900000000000035,1.0,1.1,3.0,0.0,2.0
7130,2017,6,22.100000000000023,1,5.900000000000035,12.0,1.1,1.0,0.0,1.0
7130,2018,7,25.5,2,5.900000000000034,3.0,1.6,5.0,0.0,2.0
7130,2019,7,25.5,1,7.300000000000013,10.0,4.4,2.0,0.0,4.0
7139,1996,7,22.5,12,4.0,,,,,0.0
7139,1997,8,26.0,1,3.1000000000000227,,,,,0.0
7139,1998,8,22.29500000000005,12,6.2000000000000455,,,,,3.0
7139,1999,7,24.29500000000005,2,7.495000000000033,,,,,0.0
7139,2000,8,21.890000000000047,1,5.800000000000013,,,,,1.0
7139,2001,8,22.0,12,4.100000000000024,,,,,1.0
7139,2002,8,21.350000000000023,1,7.2000000000000455,,,,,0.0
7139,2003,8,26.0,1,3.5,,,,,9.0
7139,2004,8,21.100000000000023,12,4.7000000000000455,,,,,0.0
7139,2005,9,21.600000000000023,2,4.550000000000011,,,,,1.0
7139,2006,7,26.400000000000034,1,4.400000000000034,,,,,2.0
7139,2007,7,19.70000000000005,12,5.600000000000024,12.0,781.3,12.0,781.3,0.0
7139,2008,7,20.80000000000001,12,5.600000000000024,,,,,0.0
7139,2009,8,22.0,1,2.900000000000034,,,,,0.0
7139,2010,7,23.800000000000008,12,1.6000000000000227,,,,,0.0
7139,2011,8,19.80000000000001,1,5.0,,,,,1.0
7139,2012,8,22.0,2,5.7000000000000455,,,,,0.0
7139,2013,7,25.800000000000008,2,4.300000000000011,,,,,2.0
7139,2014,7,22.300000000000008,12,6.600000000000023,12.0,0.6,12.0,0.6,0.0
7139,2015,8,22.650000000000006,2,5.900000000000007,11.0,0.6000000000000001,4.0,0.0,1.0
7139,2016,8,23.600000000000023,2,6.300000000000013,1.0,1.0,7.0,0.0,3.0
7139,2017,6,22.550000000000043,1,4.900000000000034,12.0,1.2,4.0,0.0,3.0
7139,2018,7,25.300000000000008,2,3.3000000000000114,3.0,1.8,5.0,0.0,1.0
7139,2019,7,23.700000000000053,1,5.400000000000035,10.0,6.9,2.0,0.0,6.0
7149,1996,7,22.650000000000038,12,3.8450000000000273,,,,,0.0
7149,1997,8,28.150000000000038,1,2.1000000000000227,,,,,1.0
7149,1998,8,22.600000000000023,12,6.7000000000000455,,,,,4.0
7149,1999,7,24.700000000000053,12,6.800000000000013,,,,,0.0
7149,2000,8,24.200000000000053,1,5.5,,,,,0.0
7149,2001,7,22.900000000000034,12,4.2000000000000455,,,,,0.0
7149,2002,8,21.900000000000034,1,6.7000000000000455,,,,,2.0
7149,2003,8,26.900000000000034,1,4.7000000000000455,,,,,11.0
7149,2004,7,22.600000000000023,12,4.300000000000011,,,,,1.0
7149,2005,7,22.5,2,3.950000000000017,,,,,3.0
7149,2006,7,28.400000000000034,1,4.2000000000000455,,,,,5.0
7149,2007,6,21.0,12,5.600000000000024,,,,,0.0
7149,2008,7,21.800000000000008,12,3.900000000000034,,,,,0.0
7149,2009,8,24.600000000000023,1,3.2000000000000446,,,,,1.0
7149,2010,7,23.300000000000008,12,1.2000000000000457,,,,,1.0
7149,2011,8,22.100000000000023,1,5.400000000000035,,,,,2.0
7149,2012,8,23.900000000000034,2,6.2000000000000455,,,,,2.0
7149,2013,7,26.0,2,3.850000000000023,,,,,1.0
7149,2014,7,22.700000000000053,12,6.0,12.0,0.30000000000000004,12.0,0.30000000000000004,1.0
7149,2015,8,24.800000000000008,1,5.800000000000013,1.0,0.4,2.0,0.0,2.0
7149,2016,8,25.100000000000023,12,6.600000000000023,4.0,1.4,3.0,0.0,4.0
7149,2017,6,24.50000000000003,1,2.200000000000045,12.0,1.0,1.0,0.0,4.0
7149,2018,7,27.400000000000034,2,3.4000000000000057,3.0,1.6,4.0,0.0,5.0
7149,2019,7,25.800000000000008,1,5.5,1.0,0.4,10.0,-0.1,5.0
7168,1996,7,24.100000000000023,2,3.0,,,,,0.0
7168,1997,8,27.890000000000054,1,0.6000000000000227,,,,,1.0
7168,1998,8,23.34500000000003,11,5.890000000000043,,,,,3.0
7168,1999,7,24.700000000000053,2,6.050000000000011,,,,,0.0
7168,2000,8,23.79500000000005,1,5.300000000000012,,,,,0.0
7168,2001,8,23.5,12,2.5,,,,,2.0
7168,2002,6,22.600000000000026,1,6.300000000000013,,,,,2.0
7168,2003,8,28.0,1,4.0,,,,,12.0
7168,2004,7,23.200000000000053,12,3.300000000000012,,,,,0.0
7168,2005,7,23.400000000000034,2,3.1500000000000057,,,,,1.0
7168,2006,7,29.0,2,4.250000000000028,,,,,7.0
7168,2007,6,21.75000000000003,12,5.400000000000035,,,,,1.0
7168,2008,7,23.0,12,3.300000000000012,,,,,0.0
7168,2009,8,25.900000000000034,1,2.7000000000000446,,,,,2.0
7168,2010,7,24.400000000000034,12,0.5,,,,,3.0
7168,2011,8,21.5,1,4.300000000000011,,,,,2.0
7168,2012,8,24.800000000000008,2,4.7000000000000455,,,,,2.0
7168,2013,7,27.100000000000023,2,3.9500000000000175,,,,,4.0
7168,2014,7,23.600000000000023,12,5.800000000000013,12.0,0.2,12.0,0.2,1.0
7168,2015,7,26.900000000000034,1,5.100000000000024,1.0,0.2,2.0,0.0,8.0
7168,2016,8,24.200000000000053,12,6.2000000000000455,5.0,1.2,7.0,0.0,5.0
7168,2017,6,24.55000000000001,1,2.1000000000000227,12.0,0.8,1.0,0.0,4.0
7168,2018,7,28.0,2,3.950000000000017,1.0,2.6,7.0,0.0,7.0
7168,2019,8,26.100000000000023,1,4.300000000000011,1.0,0.2,2.0,0.0,11.0
7181,1996,8,22.0,1,-0.2999999999999545,,,,,0.0
7181,1997,8,25.800000000000008,1,0.30000000000001137,,,,,0.0
7181,1998,8,22.5,12,2.995000000000033,,,,,4.0
7181,1999,7,22.850000000000026,2,1.9450000000000214,,,,,0.0
7181,2000,8,23.100000000000023,1,3.5,,,,,0.0
7181,2001,7,24.0,12,1.3500000000000227,,,,,0.0
7181,2002,6,22.55000000000001,1,0.8500000000000227,,,,,1.0
7181,2003,8,27.700000000000053,2,1.3500000000000227,,,,,12.0
7181,2004,7,21.20000000000005,12,1.3000000000000114,,,,,0.0
7181,2005,6,22.0,2,0.30000000000001137,,,,,0.0
7181,2006,7,27.350000000000026,1,1.1000000000000227,,,,,2.0
7181,2007,6,21.20000000000005,12,3.0,,,,,0.0
7181,2008,7,21.700000000000053,12,1.0,,,,,0.0
7181,2009,8,23.700000000000053,1,1.0,,,,,1.0
7181,2010,7,25.400000000000034,12,-0.7499999999999716,,,,,1.0
7181,2011,8,21.800000000000043,1,3.0,,,,,0.0
7181,2012,8,23.800000000000008,2,2.200000000000045,,,,,3.0
7181,2013,7,25.200000000000053,2,0.8000000000000114,,,,,1.0
7181,2014,7,22.700000000000053,12,4.5,12.0,0.6000000000000001,12.0,0.6000000000000001,0.0
7181,2015,7,26.900000000000034,1,2.7000000000000446,1.0,0.8,2.0,0.0,9.0
7181,2016,7,22.850000000000023,12,3.300000000000012,6.0,1.1,3.0,0.0,3.0
7181,2017,6,23.80000000000001,1,-0.5999999999999659,12.0,1.0,1.0,0.0,2.0
7181,2018,7,27.25000000000003,2,1.5500000000000114,1.0,2.5,2.0,0.0,4.0
7181,2019,8,25.600000000000023,1,2.1000000000000227,1.0,0.6,2.0,0.0,8.0
7190,1996,8,22.700000000000053,1,0.30000000000001137,,,,,0.0
7190,1997,8,27.0,1,-2.109999999999957,,,,,0.0
7190,1998,8,23.5,12,2.1000000000000227,,,,,2.0
7190,1999,7,24.700000000000053,2,3.495000000000033,,,,,0.0
7190,2000,8,24.600000000000023,1,4.300000000000011,,,,,0.0
7190,2001,8,26.400000000000034,12,2.6000000000000227,,,,,0.0
7190,2002,6,24.30000000000001,1,1.3000000000000114,,,,,1.0
7190,2003,8,28.400000000000034,2,3.2000000000000446,,,,,15.0
7190,2004,8,23.300000000000008,12,1.9000000000000343,,,,,0.0
7190,2005,6,23.700000000000053,2,0.8500000000000227,,,,,2.0
7190,2006,7,28.600000000000023,1,-0.19999999999998866,,,,,6.0
7190,2007,6,23.350000000000026,12,2.450000000000017,,,,,0.0
7190,2008,6,24.450000000000017,12,2.450000000000017,,,,,0.0
7190,2009,8,25.700000000000053,1,0.9000000000000341,,,,,1.0
7190,2010,7,26.5,1,0.0,,,,,2.0
7190,2011,8,23.700000000000053,1,3.6000000000000227,,,,,2.0
7190,2012,8,25.700000000000053,2,4.900000000000034,,,,,3.0
7190,2013,7,26.5,1,2.1000000000000227,,,,,5.0
7190,2014,7,23.800000000000008,12,5.400000000000035,12.0,0.4,12.0,0.4,3.0
7190,2015,7,28.600000000000023,2,3.1000000000000227,1.0,1.0,2.0,0.0,15.0
7190,2016,7,25.100000000000023,12,2.900000000000034,6.0,1.7999999999999998,7.0,-0.1,4.0
7190,2017,8,26.100000000000023,1,-0.299999999999983,7.0,0.6,1.0,0.0,5.0
7190,2018,7,27.700000000000053,2,3.2500000000000284,1.0,0.2,2.0,0.0,9.0
7190,2019,8,26.700000000000053,1,3.6000000000000227,1.0,0.6,2.0,0.0,6.0
7207,1996,8,19.70000000000005,12,6.900000000000034,,,,,0.0
7207,1997,8,21.700000000000053,1,6.800000000000013,,,,,0.0
7207,1998,8,19.5,2,10.200000000000044,,,,,0.0
7207,1999,8,20.345000000000027,2,10.0,,,,,0.0
7207,2000,8,19.80000000000001,1,7.7000000000000455,,,,,0.0
7207,2001,8,20.20000000000005,12,7.100000000000023,,,,,0.0
7207,2002,9,19.100000000000023,1,10.300000000000011,,,,,0.0
7207,2003,8,22.300000000000008,1,8.800000000000011,,,,,0.0
7207,2004,8,19.70000000000005,2,8.400000000000034,,,,,0.0
7207,2005,8,20.100000000000023,2,7.7000000000000455,,,,,0.0
7207,2006,7,22.200000000000053,2,6.950000000000017,,,,,0.0
7207,2007,8,19.20000000000005,12,11.200000000000044,,,,,0.0
7207,2008,7,18.400000000000034,12,8.300000000000011,,,,,0.0
7207,2009,6,19.75,1,7.900000000000035,,,,,0.0
7207,2010,7,20.150000000000034,12,6.0,,,,,0.0
7207,2011,9,18.80000000000001,1,7.900000000000035,,,,,0.0
7207,2012,8,19.900000000000034,2,8.600000000000023,,,,,0.0
7207,2013,7,23.100000000000023,2,8.050000000000011,,,,,0.0
7207,2014,9,21.55000000000001,2,10.050000000000011,12.0,0.2,12.0,0.2,0.0
7207,2015,7,19.80000000000001,2,8.700000000000017,1.0,0.6,4.0,0.0,0.0
7207,2016,8,20.70000000000005,2,10.100000000000025,1.0,3.2,3.0,0.0,0.0
7207,2017,8,19.80000000000001,1,8.600000000000023,12.0,0.4,1.0,0.0,0.0
7207,2018,7,21.600000000000023,2,7.8500000000000245,3.0,2.0,5.0,0.0,0.0
7207,2019,7,21.900000000000034,1,9.400000000000034,10.0,1.0,1.0,0.0,0.0
7222,1996,7,23.5,12,5.900000000000034,,,,,1.0
7222,1997,8,26.600000000000023,1,4.800000000000012,,,,,1.0
7222,1998,8,23.300000000000008,12,8.300000000000011,,,,,3.0
7222,1999,7,24.5,2,9.390000000000043,,,,,1.0
7222,2000,8,23.0,1,6.100000000000023,,,,,1.0
7222,2001,8,22.300000000000008,12,4.400000000000034,,,,,1.0
7222,2002,8,22.400000000000034,1,9.600000000000025,,,,,0.0
7222,2003,8,27.5,1,5.7000000000000455,,,,,5.0
7222,2004,6,22.600000000000023,12,7.300000000000011,,,,,1.0
7222,2005,8,23.5,2,6.80000000000004,,,,,3.0
7222,2006,7,25.400000000000034,1,4.900000000000034,,,,,5.0
7222,2007,8,20.30000000000001,12,8.100000000000023,,,,,0.0
7222,2008,7,21.30000000000001,12,7.7000000000000455,,,,,0.0
7222,2009,8,23.300000000000008,1,6.5,,,,,1.0
7222,2010,7,24.200000000000053,12,4.300000000000011,,,,,0.0
7222,2011,7,21.100000000000023,1,7.5,,,,,1.0
7222,2012,8,23.5,2,7.800000000000013,,,,,2.0
7222,2013,7,25.5,2,6.750000000000028,,,,,1.0
7222,2014,9,23.80000000000001,12,8.700000000000045,12.0,0.5,12.0,0.5,1.0
7222,2015,8,23.400000000000034,2,8.550000000000011,1.0,1.4,4.0,0.0,2.0
7222,2016,8,23.900000000000034,12,8.700000000000045,1.0,1.8,3.0,0.0,4.0
7222,2017,6,23.150000000000038,1,6.800000000000013,2.0,0.7,4.0,0.0,3.0
7222,2018,7,24.900000000000034,2,6.350000000000023,1.0,2.8,5.0,0.0,2.0
7222,2019,7,26.0,1,7.900000000000035,10.0,8.1,3.0,0.0,3.0
7240,1996,7,23.890000000000054,12,3.2000000000000446,,,,,0.0
7240,1997,8,26.600000000000023,1,2.1000000000000227,,,,,0.0
7240,1998,8,24.200000000000017,12,5.800000000000011,,,,,4.0
7240,1999,7,23.390000000000054,12,6.890000000000043,,,,,0.0
7240,2000,8,23.800000000000008,1,5.7000000000000455,,,,,1.0
7240,2001,8,22.800000000000008,12,3.2000000000000446,,,,,1.0
7240,2002,8,21.400000000000034,1,8.700000000000045,,,,,0.0
7240,2003,8,27.800000000000008,1,4.100000000000024,,,,,13.0
7240,2004,7,22.300000000000008,12,5.100000000000024,,,,,2.0
7240,2005,6,23.50000000000003,12,4.7000000000000455,,,,,5.0
7240,2006,7,28.200000000000053,1,4.400000000000034,,,,,5.0
7240,2007,7,20.600000000000023,12,4.7000000000000455,,,,,0.0
7240,2008,7,22.700000000000053,12,4.700000000000018,,,,,0.0
7240,2009,8,24.600000000000023,1,3.5,,,,,1.0
7240,2010,7,24.0,12,2.300000000000012,,,,,0.0
7240,2011,8,21.600000000000023,1,4.600000000000024,,,,,1.0
7240,2012,8,23.600000000000026,2,5.300000000000012,,,,,1.0
7240,2013,7,25.5,2,4.900000000000034,,,,,2.0
7240,2014,7,23.400000000000034,12,6.5,12.0,0.0,12.0,0.0,0.0
7240,2015,8,24.5,2,6.200000000000018,1.0,0.6,2.0,0.0,3.0
7240,2016,8,24.800000000000008,12,7.5,1.0,0.6,3.0,0.0,4.0
7240,2017,6,23.650000000000006,1,4.100000000000024,12.0,0.6,1.0,0.0,5.0
7240,2018,7,25.950000000000017,2,3.55000000000004,3.0,1.8,4.0,0.0,4.0
7240,2019,7,25.700000000000053,1,5.600000000000024,10.0,5.1,1.0,0.0,9.0
7255,1996,7,24.100000000000023,2,5.0,,,,,0.0
7255,1997,8,27.5,1,1.3900000000000432,,,,,3.0
7255,1998,8,24.300000000000008,11,6.045000000000044,,,,,5.0
7255,1999,7,24.5,2,6.2000000000000455,,,,,1.0
7255,2000,8,24.300000000000008,1,5.0,,,,,0.0
7255,2001,8,23.200000000000053,12,1.3000000000000114,,,,,1.0
7255,2002,6,23.00000000000003,1,6.800000000000013,,,,,2.0
7255,2003,8,28.300000000000008,1,4.5,,,,,15.0
7255,2004,7,23.0,12,4.7000000000000455,,,,,0.0
7255,2005,6,23.25,2,3.8500000000000227,,,,,5.0
7255,2006,7,29.600000000000023,2,4.050000000000011,,,,,7.0
7255,2007,6,20.900000000000034,12,5.400000000000035,,,,,0.0
7255,2008,7,22.900000000000034,12,4.400000000000034,,,,,0.0
7255,2009,8,25.700000000000053,1,4.0,,,,,4.0
7255,2010,7,24.700000000000053,1,1.1000000000000227,,,,,1.0
7255,2011,8,22.900000000000034,1,4.800000000000011,,,,,3.0
7255,2012,8,25.100000000000023,2,4.7000000000000455,,,,,4.0
7255,2013,7,26.600000000000023,2,3.5,,,,,4.0
7255,2014,6,22.900000000000038,12,6.5,12.0,0.1,12.0,0.1,1.0
7255,2015,7,25.100000000000023,1,5.100000000000024,1.0,0.6,4.0,0.0,7.0
7255,2016,8,24.200000000000053,12,6.300000000000013,4.0,0.9,7.0,0.0,5.0
7255,2017,6,24.350000000000023,1,2.5,12.0,0.8,1.0,0.0,6.0
7255,2018,7,27.600000000000023,2,3.5500000000000114,1.0,2.6,5.0,0.0,6.0
7255,2019,8,26.700000000000053,1,4.7000000000000455,10.0,5.9,2.0,0.0,12.0
7280,1996,7,24.200000000000053,1,2.5,,,,,0.0
7280,1997,8,28.200000000000053,1,0.10000000000002274,,,,,0.0
7280,1998,8,24.700000000000053,12,2.800000000000012,,,,,5.0
7280,1999,7,24.5,2,4.345000000000027,,,,,0.0
7280,2000,8,24.900000000000034,1,3.8900000000000423,,,,,0.0
7280,2001,8,24.300000000000008,12,2.300000000000012,,,,,0.0
7280,2002,6,24.650000000000038,1,1.9000000000000343,,,,,1.0
7280,2003,8,29.400000000000034,1,3.2000000000000446,,,,,16.0
7280,2004,7,22.900000000000034,12,1.3000000000000114,,,,,0.0
7280,2005,6,23.300000000000008,2,1.5000000000000284,,,,,3.0
7280,2006,7,30.300000000000008,1,0.8000000000000114,,,,,3.0
7280,2007,7,22.5,12,2.200000000000045,,,,,0.0
7280,2008,7,24.00000000000003,12,3.400000000000034,,,,,0.0
7280,2009,8,24.75000000000003,1,0.5,,,,,2.0
7280,2010,7,26.050000000000043,1,0.5,,,,,1.0
7280,2011,9,22.50000000000003,1,2.900000000000034,,,,,2.0
7280,2012,8,24.900000000000034,2,3.7000000000000455,,,,,1.0
7280,2013,7,26.900000000000034,2,2.6500000000000057,,,,,2.0
7280,2014,6,24.300000000000043,12,5.600000000000024,12.0,0.2,12.0,0.2,2.0
7280,2015,7,28.700000000000053,1,3.900000000000034,1.0,0.4,2.0,0.0,11.0
7280,2016,7,25.5,12,3.400000000000034,1.0,0.4,3.0,0.0,1.0
7280,2017,8,26.200000000000053,1,0.5,12.0,1.4,1.0,0.0,6.0
7280,2018,7,28.100000000000023,2,3.300000000000012,3.0,1.8,2.0,0.0,8.0
7280,2019,7,27.200000000000053,1,3.900000000000034,1.0,0.2,2.0,0.0,9.0
7299,1996,7,22.300000000000008,1,1.8000000000000114,,,,,0.0
7299,1997,8,27.0,1,0.3900000000000432,,,,,0.0
7299,1998,7,22.890000000000054,12,2.800000000000012,,,,,3.0
7299,1999,7,24.200000000000053,2,2.6000000000000223,,,,,0.0
7299,2000,8,24.890000000000054,1,3.495000000000033,,,,,0.0
7299,2001,8,24.600000000000023,12,1.4000000000000057,,,,,2.0
7299,2002,6,23.650000000000006,1,2.200000000000045,,,,,2.0
7299,2003,8,28.600000000000023,2,1.7500000000000284,,,,,15.0
7299,2004,8,23.200000000000053,12,2.7000000000000446,,,,,0.0
7299,2005,6,23.350000000000023,12,2.1000000000000227,,,,,3.0
7299,2006,7,28.800000000000008,1,0.4000000000000341,,,,,4.0
7299,2007,6,23.50000000000003,12,3.1000000000000227,,,,,0.0
7299,2008,7,23.700000000000017,12,2.300000000000012,,,,,0.0
7299,2009,8,25.5,1,0.7000000000000455,,,,,1.0
7299,2010,7,26.900000000000006,1,0.30000000000001137,,,,,7.0
7299,2011,8,24.900000000000034,1,2.900000000000034,,,,,4.0
7299,2012,8,25.0,2,2.900000000000034,,,,,4.0
7299,2013,7,26.300000000000008,2,1.650000000000034,,,,,5.0
7299,2014,6,23.5,12,5.5,12.0,0.4,12.0,0.4,2.0
7299,2015,7,27.800000000000008,2,3.2500000000000284,1.0,0.30000000000000004,2.0,0.0,12.0
7299,2016,7,25.400000000000038,12,4.100000000000024,1.0,1.1,7.0,0.0,3.0
7299,2017,8,26.950000000000017,1,0.10000000000002274,7.0,0.8,1.0,0.0,6.0
7299,2018,7,28.200000000000053,2,2.3500000000000227,1.0,1.1,2.0,0.0,10.0
7299,2019,7,26.900000000000034,1,3.7000000000000455,5.0,0.2,1.0,0.0,9.0
7314,1996,7,20.55000000000001,2,8.600000000000023,,,,,0.0
7314,1997,8,22.600000000000023,1,5.600000000000024,,,,,0.0
7314,1998,8,20.495000000000033,12,9.890000000000043,,,,,0.0
7314,1999,7,22.390000000000047,2,9.445000000000022,,,,,0.0
7314,2000,8,21.20000000000005,1,7.345000000000028,,,,,1.0
7314,2001,8,21.700000000000053,12,6.0,,,,,0.0
7314,2002,8,19.600000000000023,1,9.900000000000034,,,,,0.0
7314,2003,8,24.900000000000034,1,7.5,,,,,1.0
7314,2004,8,21.20000000000005,2,8.250000000000028,,,,,0.0
7314,2005,7,21.20000000000005,12,7.100000000000023,,,,,0.0
7314,2006,7,23.25000000000003,2,5.750000000000029,,,,,0.0
7314,2007,8,19.900000000000034,12,6.950000000000018,,,,,0.0
7314,2008,8,20.100000000000023,12,7.7000000000000455,,,,,0.0
7314,2009,8,21.700000000000053,1,6.900000000000035,,,,,0.0
7314,2010,7,20.5,12,5.600000000000024,,,,,0.0
7314,2011,8,20.70000000000005,1,6.7000000000000455,,,,,0.0
7314,2012,8,22.0,2,6.2000000000000455,,,,,1.0
7314,2013,7,23.600000000000023,2,7.8500000000000245,,,,,0.0
7314,2014,9,22.350000000000023,12,10.100000000000025,12.0,0.2,12.0,0.2,0.0
7314,2015,7,21.0,2,8.050000000000011,1.0,0.8,4.0,0.0,0.0
7314,2016,8,21.400000000000034,3,10.300000000000011,1.0,2.4000000000000004,3.0,0.0,0.0
7314,2017,6,21.20000000000005,1,7.0,5.0,2.1,1.0,0.0,0.0
7314,2018,7,22.400000000000034,2,7.55000000000004,3.0,3.3499999999999996,4.0,0.0,0.0
7314,2019,7,22.800000000000008,1,8.200000000000045,10.0,3.0,1.0,0.0,1.0
7335,1996,7,23.390000000000054,2,5.5,,,,,1.0
7335,1997,8,27.300000000000008,1,2.8900000000000428,,,,,2.0
7335,1998,8,24.390000000000054,12,7.300000000000013,,,,,4.0
7335,1999,7,24.800000000000008,12,7.75,,,,,1.0
7335,2000,8,24.100000000000023,1,5.7000000000000455,,,,,1.0
7335,2001,8,23.800000000000008,12,2.6000000000000227,,,,,2.0
7335,2002,7,21.800000000000008,1,10.5,,,,,0.0
7335,2003,8,28.5,1,5.600000000000024,,,,,12.0
7335,2004,7,22.900000000000034,12,4.800000000000012,,,,,0.0
7335,2005,7,23.800000000000008,12,4.800000000000012,,,,,3.0
7335,2006,7,28.300000000000008,2,5.200000000000018,,,,,6.0
7335,2007,7,20.70000000000005,12,6.800000000000013,,,,,0.0
7335,2008,7,22.0,12,5.7000000000000455,,,,,0.0
7335,2009,8,25.400000000000034,1,4.400000000000034,,,,,2.0
7335,2010,7,24.400000000000034,1,2.7000000000000446,,,,,0.0
7335,2011,8,22.5,1,5.100000000000024,,,,,1.0
7335,2012,8,25.0,2,5.100000000000024,,,,,4.0
7335,2013,7,26.100000000000023,2,5.80000000000004,,,,,2.0
7335,2014,7,23.900000000000034,12,7.0,12.0,0.6,12.0,0.6,0.0
7335,2015,7,24.400000000000034,1,6.100000000000023,3.0,0.2,1.0,0.0,3.0
7335,2016,8,25.400000000000034,12,6.900000000000035,1.0,0.5,3.0,0.0,5.0
7335,2017,6,24.700000000000053,1,3.900000000000034,9.0,0.30000000000000004,1.0,0.0,7.0
7335,2018,7,26.800000000000008,2,4.300000000000011,3.0,1.4,6.0,0.0,4.0
7335,2019,7,25.900000000000034,1,6.100000000000023,10.0,2.2,2.0,0.0,11.0
7434,1996,7,22.390000000000047,2,5.100000000000024,,,,,0.0
7434,1997,8,26.0,12,7.2000000000000455,,,,,0.0
7434,1998,8,23.300000000000008,11,6.295000000000044,,,,,3.0
7434,1999,7,22.600000000000023,2,5.0,,,,,0.0
7434,2000,6,22.390000000000047,1,4.945000000000022,,,,,1.0
7434,2001,8,21.30000000000001,12,2.1000000000000227,,,,,0.0
7434,2002,6,21.650000000000038,1,7.7000000000000455,,,,,0.0
7434,2003,8,26.5,1,4.2000000000000455,,,,,12.0
7434,2004,6,21.55000000000001,12,5.7000000000000455,,,,,0.0
7434,2005,7,21.400000000000034,2,2.550000000000012,,,,,0.0
7434,2006,7,27.300000000000008,2,4.050000000000011,,,,,3.0
7434,2007,4,19.30000000000004,12,6.900000000000035,,,,,0.0
7434,2008,7,21.30000000000001,12,4.300000000000011,,,,,0.0
7434,2009,8,23.600000000000023,1,4.2000000000000455,,,,,1.0
7434,2010,7,22.800000000000008,1,1.4000000000000343,,,,,0.0
7434,2011,8,22.100000000000023,1,4.400000000000034,,,,,1.0
7434,2012,8,23.300000000000008,2,2.200000000000045,,,,,2.0
7434,2013,7,26.5,1,3.400000000000034,,,,,0.0
7434,2014,7,21.600000000000023,12,5.25,12.0,0.2,12.0,0.2,0.0
7434,2015,8,24.100000000000023,1,4.600000000000024,3.0,1.2,2.0,0.0,3.0
7434,2016,8,23.600000000000023,1,6.5,1.0,2.8,7.0,0.0,1.0
7434,2017,6,22.650000000000006,12,4.5,12.0,1.2,1.0,0.0,2.0
7434,2018,7,25.0,2,2.450000000000017,1.0,5.0,4.0,0.0,0.0
7434,2019,7,24.400000000000034,1,3.8000000000000114,10.0,15.5,2.0,0.0,6.0
7460,1996,7,23.890000000000054,2,4.800000000000012,,,,,0.0
7460,1997,8,28.800000000000008,1,2.800000000000012,,,,,2.0
7460,1998,7,24.5,11,6.650000000000034,,,,,8.0
7460,1999,8,24.100000000000023,2,5.140000000000043,,,,,1.0
7460,2000,8,24.300000000000008,1,4.0,,,,,2.0
7460,2001,8,25.0,12,2.900000000000034,,,,,5.0
7460,2002,6,24.150000000000038,1,8.300000000000011,,,,,2.0
7460,2003,8,28.900000000000034,1,5.7000000000000455,,,,,20.0
7460,2004,7,23.700000000000053,12,5.800000000000013,,,,,1.0
7460,2005,7,24.900000000000034,2,1.5500000000000116,,,,,8.0
7460,2006,7,28.900000000000034,2,3.9500000000000175,,,,,3.0
7460,2007,6,21.800000000000008,12,7.100000000000023,,,,,0.0
7460,2008,7,23.700000000000053,12,4.000000000000028,,,,,0.0
7460,2009,8,24.700000000000053,1,5.0,,,,,3.0
7460,2010,7,26.0,1,2.1000000000000227,,,,,2.0
7460,2011,9,23.700000000000017,1,4.2000000000000455,,,,,5.0
7460,2012,8,25.0,2,2.800000000000012,,,,,8.0
7460,2013,7,26.900000000000034,2,3.3500000000000227,,,,,5.0
7460,2014,7,22.700000000000053,12,6.600000000000023,12.0,0.2,12.0,0.2,2.0
7460,2015,7,28.100000000000023,2,6.100000000000024,1.0,0.0,1.0,0.0,15.0
7460,2016,7,25.100000000000023,12,7.0,4.0,0.8,2.0,0.0,6.0
7460,2017,8,25.900000000000034,1,2.1000000000000227,9.0,0.6,1.0,0.0,6.0
7460,2018,8,27.200000000000053,2,2.400000000000034,5.0,0.30000000000000004,3.0,0.0,4.0
7460,2019,7,27.450000000000017,1,4.5,4.0,0.2,1.0,0.0,14.0
7471,1996,7,22.390000000000047,2,2.3900000000000428,,,,,0.0
7471,1997,8,25.0,1,3.3900000000000428,,,,,0.0
7471,1998,7,23.200000000000053,1,4.650000000000034,,,,,1.0
7471,1999,7,23.200000000000053,2,3.4000000000000057,,,,,0.0
7471,2000,8,24.300000000000008,1,1.3450000000000273,,,,,1.0
7471,2001,7,23.00000000000003,12,-0.6999999999999886,,,,,0.0
7471,2002,6,23.30000000000001,1,5.600000000000024,,,,,0.0
7471,2003,8,26.200000000000053,2,1.950000000000017,,,,,12.0
7471,2004,7,23.0,1,2.400000000000034,,,,,0.0
7471,2005,6,22.400000000000006,12,-0.5999999999999659,,,,,0.0
7471,2006,7,26.400000000000034,2,1.0500000000000114,,,,,0.0
7471,2007,7,19.30000000000001,12,4.300000000000011,,,,,0.0
7471,2008,7,21.700000000000053,12,1.1000000000000227,,,,,0.0
7471,2009,8,25.0,1,2.7000000000000446,,,,,1.0
7471,2010,7,23.400000000000034,1,-0.3999999999999773,,,,,1.0
7471,2011,8,22.200000000000053,1,1.9000000000000343,,,,,0.0
7471,2012,8,23.800000000000008,2,1.2000000000000457,,,,,1.0
7471,2013,7,25.05000000000001,2,0.30000000000001137,,,,,0.0
7471,2014,7,20.30000000000001,12,3.6000000000000227,12.0,0.0,12.0,0.0,0.0
7471,2015,7,26.400000000000034,1,2.400000000000034,1.0,0.0,1.0,0.0,7.0
7471,2016,8,23.600000000000023,1,5.900000000000035,1.0,0.6,3.0,0.0,1.0
7471,2017,8,25.400000000000034,1,0.20000000000004547,5.0,0.2,1.0,0.0,0.0
7471,2018,7,25.300000000000008,2,0.5500000000000114,5.0,0.8,1.0,0.0,0.0
7471,2019,7,25.300000000000008,1,1.1000000000000227,5.0,0.2,1.0,0.0,8.0
7481,1996,7,23.700000000000053,2,3.2000000000000446,,,,,0.0
7481,1997,8,28.600000000000023,1,0.20000000000004547,,,,,0.0
7481,1998,7,24.800000000000008,12,2.800000000000012,,,,,5.0
7481,1999,7,25.69500000000003,2,4.100000000000024,,,,,2.0
7481,2000,8,26.600000000000023,1,4.5,,,,,3.0
7481,2001,7,25.850000000000023,12,0.8000000000000398,,,,,1.0
7481,2002,6,24.700000000000053,1,5.2000000000000455,,,,,0.0
7481,2003,8,30.100000000000023,2,3.0,,,,,23.0
7481,2004,7,25.400000000000034,12,1.9000000000000343,,,,,3.0
7481,2005,6,25.00000000000003,2,2.200000000000045,,,,,7.0
7481,2006,7,29.5,1,2.900000000000034,,,,,8.0
7481,2007,7,23.450000000000017,12,3.2000000000000446,,,,,0.0
7481,2008,7,24.900000000000034,12,3.400000000000034,,,,,0.0
7481,2009,8,26.0,1,2.7000000000000446,,,,,6.0
7481,2010,7,26.600000000000023,1,1.0,,,,,5.0
7481,2011,8,26.100000000000023,1,3.5,,,,,4.0
7481,2012,8,26.300000000000008,2,2.300000000000012,,,,,4.0
7481,2013,7,26.800000000000008,2,1.80000000000004,,,,,4.0
7481,2014,6,24.850000000000023,12,5.800000000000013,12.0,0.0,12.0,0.0,2.0
7481,2015,7,29.600000000000023,1,4.5,3.0,0.1,1.0,0.0,12.0
7481,2016,8,26.0,12,4.0,1.0,0.8,3.0,0.0,2.0
7481,2017,8,28.100000000000023,1,0.5,5.0,0.2,1.0,0.0,8.0
7481,2018,7,28.5,2,3.9000000000000057,11.0,0.6,2.0,0.0,6.0
7481,2019,8,27.400000000000034,1,3.7000000000000455,5.0,0.2,1.0,0.0,12.0
7510,1996,6,24.350000000000026,2,8.550000000000011,,,,,2.0
7510,1997,8,28.200000000000053,1,8.0,,,,,5.0
7510,1998,8,26.300000000000008,12,8.600000000000023,,,,,7.0
7510,1999,7,25.700000000000053,2,9.345000000000027,,,,,3.0
7510,2000,8,26.300000000000008,1,7.300000000000013,,,,,1.0
7510,2001,8,24.200000000000053,12,5.900000000000035,,,,,6.0
7510,2002,8,22.900000000000034,1,10.200000000000044,,,,,2.0
7510,2003,8,30.0,1,7.600000000000023,,,,,18.0
7510,2004,6,25.80000000000001,12,7.800000000000013,,,,,4.0
7510,2005,8,25.400000000000034,12,6.400000000000035,,,,,5.0
7510,2006,7,28.400000000000034,2,7.400000000000007,,,,,8.0
7510,2007,8,22.800000000000008,12,7.900000000000035,,,,,2.0
7510,2008,7,24.300000000000008,12,7.400000000000035,,,,,1.0
7510,2009,8,26.0,1,7.350000000000023,,,,,3.0
7510,2010,7,26.400000000000034,12,5.400000000000035,,,,,3.0
7510,2011,8,24.900000000000034,1,7.800000000000013,,,,,4.0
7510,2012,8,24.800000000000008,2,6.400000000000035,,,,,9.0
7510,2013,7,29.200000000000053,1,8.0,,,,,3.0
7510,2014,9,24.800000000000008,12,9.100000000000025,12.0,0.30000000000000004,12.0,0.30000000000000004,1.0
7510,2015,7,26.5,1,8.5,1.0,0.7,4.0,0.0,3.0
7510,2016,8,27.100000000000023,12,10.100000000000025,2.0,2.8,5.0,0.0,9.0
7510,2017,6,25.150000000000038,1,6.900000000000035,12.0,1.4,1.0,0.0,8.0
7510,2018,7,27.5,2,7.150000000000007,3.0,3.0,6.0,0.0,8.0
7510,2019,7,28.0,1,8.100000000000023,10.0,0.6,2.0,0.0,7.0
7535,1996,7,25.300000000000008,2,6.390000000000043,,,,,1.0
7535,1997,8,27.700000000000053,1,8.600000000000023,,,,,4.0
7535,1998,8,26.600000000000023,12,6.600000000000023,,,,,7.0
7535,1999,8,25.300000000000008,2,6.400000000000034,,,,,3.0
7535,2000,8,26.100000000000023,1,6.600000000000023,,,,,3.0
7535,2001,8,24.200000000000053,12,4.600000000000024,,,,,8.0
7535,2002,6,23.800000000000043,1,9.400000000000034,,,,,3.0
7535,2003,8,33.600000000000016,2,5.80000000000004,,,,,23.0
7535,2004,6,25.050000000000043,12,6.5,,,,,4.0
7535,2005,7,24.900000000000034,12,3.7000000000000455,,,,,7.0
7535,2006,7,29.450000000000053,2,5.8500000000000245,,,,,9.0
7535,2007,8,22.400000000000034,12,7.300000000000013,,,,,3.0
7535,2008,7,23.900000000000034,12,6.400000000000035,,,,,3.0
7535,2009,8,26.700000000000053,1,6.2000000000000455,,,,,6.0
7535,2010,7,25.400000000000034,1,4.300000000000011,,,,,2.0
7535,2011,8,25.100000000000023,1,7.800000000000013,,,,,5.0
7535,2012,8,27.600000000000023,2,4.0,,,,,12.0
7535,2013,7,28.700000000000053,1,5.0,,,,,7.0
7535,2014,9,24.200000000000017,12,6.900000000000035,12.0,0.0,12.0,0.0,1.0
7535,2015,7,27.100000000000023,1,6.300000000000013,3.0,0.5,2.0,0.0,7.0
7535,2016,8,26.100000000000023,12,8.600000000000023,1.0,1.8,5.0,0.0,9.0
7535,2017,8,26.100000000000023,1,4.900000000000034,12.0,1.0,1.0,0.0,6.0
7535,2018,7,27.700000000000053,2,4.950000000000017,1.0,2.0,4.0,0.0,6.0
7535,2019,7,27.350000000000023,1,4.600000000000024,1.0,0.2,10.0,-0.1,12.0
7558,1996,7,23.390000000000054,2,1.8900000000000432,,,,,0.0
7558,1997,8,25.5,12,6.150000000000034,,,,,0.0
7558,1998,8,23.700000000000053,12,5.300000000000012,,,,,2.0
7558,1999,7,23.890000000000054,2,3.500000000000028,,,,,0.0
7558,2000,8,25.100000000000023,1,4.100000000000024,,,,,1.0
7558,2001,8,22.900000000000034,1,4.800000000000012,,,,,0.0
7558,2002,6,24.950000000000017,1,6.100000000000023,,,,,0.0
7558,2003,8,29.400000000000034,2,2.900000000000034,,,,,16.0
7558,2004,7,23.5,1,4.5,,,,,2.0
7558,2005,6,24.5,2,1.7000000000000457,,,,,2.0
7558,2006,7,28.900000000000034,2,3.5000000000000284,,,,,2.0
7558,2007,8,22.300000000000008,12,6.0,,,,,0.0
7558,2008,7,23.300000000000008,12,4.300000000000011,,,,,0.0
7558,2009,8,26.300000000000008,12,4.400000000000034,,,,,3.0
7558,2010,7,26.600000000000023,1,2.300000000000012,,,,,2.0
7558,2011,8,24.300000000000008,1,3.6000000000000227,,,,,2.0
7558,2012,8,26.80000000000001,2,2.0,,,,,1.0
7558,2013,7,26.200000000000017,2,2.1000000000000227,,,,,0.0
7558,2014,6,22.600000000000023,12,4.2000000000000455,12.0,0.0,12.0,0.0,0.0
7558,2015,7,27.900000000000034,1,4.400000000000034,1.0,0.0,1.0,0.0,4.0
7558,2016,8,25.600000000000023,2,6.300000000000013,1.0,0.8,3.0,0.0,0.0
7558,2017,8,27.100000000000023,1,2.0,9.0,0.2,1.0,0.0,2.0
7558,2018,7,26.300000000000008,2,2.450000000000017,3.0,1.8,2.0,0.0,1.0
7558,2019,7,26.5,1,2.200000000000045,4.0,0.4,1.0,0.0,6.0
7577,1996,7,26.800000000000008,2,5.890000000000043,,,,,0.0
7577,1997,8,28.890000000000054,1,4.300000000000011,,,,,2.0
7577,1998,8,27.890000000000054,12,6.2000000000000455,,,,,6.0
7577,1999,7,28.800000000000008,1,7.5,,,,,4.0
7577,2000,8,29.100000000000023,1,6.7000000000000455,,,,,4.0
7577,2001,8,28.800000000000008,12,5.300000000000012,,,,,6.0
7577,2002,6,26.900000000000034,1,7.800000000000013,,,,,1.0
7577,2003,8,32.30000000000001,1,6.2000000000000455,,,,,34.0
7577,2004,7,28.300000000000008,12,6.100000000000023,,,,,6.0
7577,2005,7,27.900000000000034,12,4.800000000000012,,,,,12.0
7577,2006,7,31.400000000000034,1,4.800000000000012,,,,,12.0
7577,2007,7,26.5,12,6.900000000000035,,,,,1.0
7577,2008,7,25.900000000000034,12,5.350000000000024,,,,,0.0
7577,2009,8,29.700000000000053,1,5.100000000000024,,,,,17.0
7577,2010,7,29.5,1,3.7000000000000455,,,,,12.0
7577,2011,8,27.5,1,5.300000000000012,,,,,8.0
7577,2012,8,29.300000000000008,2,5.900000000000035,,,,,8.0
7577,2013,7,29.100000000000023,2,5.05000000000004,,,,,6.0
7577,2014,6,27.300000000000043,12,7.800000000000013,12.0,0.0,12.0,0.0,2.0
7577,2015,7,31.5,2,7.000000000000028,1.0,0.0,1.0,0.0,20.0
7577,2016,8,28.5,12,7.7000000000000455,1.0,0.0,1.0,0.0,6.0
7577,2017,8,29.700000000000053,1,3.900000000000034,1.0,0.0,1.0,0.0,13.0
7577,2018,7,30.0,2,6.200000000000017,11.0,1.5,1.0,0.0,16.0
7577,2019,8,30.400000000000034,1,6.800000000000013,1.0,0.0,1.0,0.0,23.0
7591,1996,7,24.100000000000023,2,4.5,,,,,0.0
7591,1997,8,26.390000000000054,12,4.890000000000043,,,,,0.0
7591,1998,8,26.890000000000054,1,4.5,,,,,3.0
7591,1999,8,26.0,2,2.9000000000000337,,,,,1.0
7591,2000,8,26.700000000000053,1,4.345000000000027,,,,,2.0
7591,2001,8,27.700000000000053,1,5.300000000000012,,,,,3.0
7591,2002,6,26.400000000000006,1,5.600000000000024,,,,,1.0
7591,2003,8,30.5,1,4.400000000000034,,,,,18.0
7591,2004,7,27.300000000000008,1,3.1000000000000227,,,,,3.0
7591,2005,7,25.700000000000053,12,2.400000000000034,,,,,2.0
7591,2006,7,29.600000000000026,1,3.7000000000000455,,,,,3.0
7591,2007,7,26.800000000000008,1,6.300000000000013,,,,,3.0
7591,2008,7,25.850000000000026,12,4.100000000000024,,,,,0.0
7591,2009,8,29.0,12,4.2000000000000455,,,,,2.0
7591,2010,7,28.350000000000026,1,1.6500000000000343,,,,,1.0
7591,2011,8,26.5,1,4.7000000000000455,,,,,3.0
7591,2012,8,29.800000000000008,12,4.100000000000023,,,,,9.0
7591,2013,7,27.400000000000034,2,4.550000000000011,,,,,2.0
7591,2014,6,24.200000000000053,2,5.700000000000017,12.0,0.0,12.0,0.0,1.0
7591,2015,7,31.00000000000003,1,5.2000000000000455,9.0,0.1,1.0,0.0,13.0
7591,2016,8,27.600000000000023,1,4.400000000000034,10.0,0.1,1.0,0.0,0.0
7591,2017,8,27.900000000000034,12,2.5,1.0,0.0,1.0,0.0,9.0
7591,2018,7,28.700000000000053,2,4.450000000000017,3.0,0.7,1.0,0.0,1.0
7591,2019,8,28.900000000000034,1,3.5,1.0,0.0,1.0,0.0,13.0
7607,1996,7,24.5,2,7.890000000000043,,,,,1.0
7607,1997,8,26.5,1,7.650000000000006,,,,,0.0
7607,1998,8,25.0,12,8.800000000000011,,,,,3.0
7607,1999,7,25.200000000000017,2,9.0,,,,,1.0
7607,2000,8,26.200000000000053,1,6.2000000000000455,,,,,1.0
7607,2001,7,25.300000000000008,12,5.900000000000035,,,,,10.0
7607,2002,9,22.800000000000043,1,10.300000000000011,,,,,2.0
7607,2003,8,30.900000000000034,1,8.05000000000004,,,,,19.0
7607,2004,6,26.25,12,8.5,,,,,5.0
7607,2005,7,26.55000000000001,12,5.900000000000035,,,,,6.0
7607,2006,7,29.150000000000038,1,7.800000000000013,,,,,8.0
7607,2007,8,23.600000000000023,12,7.6000000000000245,,,,,2.0
7607,2008,8,24.400000000000034,12,8.0,,,,,0.0
7607,2009,8,26.100000000000023,1,7.400000000000035,,,,,4.0
7607,2010,7,26.800000000000008,1,5.650000000000007,,,,,3.0
7607,2011,8,25.600000000000023,1,8.700000000000045,,,,,4.0
7607,2012,8,26.900000000000034,2,6.5,,,,,5.0
7607,2013,7,29.0,1,8.400000000000034,,,,,4.0
7607,2014,9,25.550000000000043,12,9.400000000000034,12.0,0.0,12.0,0.0,1.0
7607,2015,8,26.700000000000053,1,8.700000000000045,9.0,6.4,2.0,0.0,4.0
7607,2016,8,26.950000000000053,1,11.650000000000006,4.0,4.1,5.0,0.0,10.0
7607,2017,8,25.900000000000034,1,5.700000000000019,2.0,0.4,4.0,0.0,7.0
7607,2018,7,27.900000000000034,2,7.200000000000017,3.0,2.5,4.0,0.0,4.0
7607,2019,8,26.800000000000008,1,7.100000000000023,5.0,0.4,2.0,0.0,5.0
7621,1996,7,22.5,2,7.800000000000013,,,,,1.0
7621,1997,8,25.390000000000054,1,8.600000000000023,,,,,0.0
7621,1998,8,23.400000000000006,12,9.700000000000044,,,,,5.0
7621,1999,9,23.50000000000003,2,7.650000000000034,,,,,1.0
7621,2000,8,22.100000000000026,1,7.150000000000007,,,,,0.0
7621,2001,8,24.150000000000006,12,7.900000000000035,,,,,3.0
7621,2002,6,21.100000000000023,1,10.700000000000044,,,,,1.0
7621,2003,8,29.200000000000053,1,6.850000000000023,,,,,14.0
7621,2004,6,23.300000000000043,12,7.800000000000013,,,,,2.0
7621,2005,6,23.200000000000017,2,4.950000000000018,,,,,2.0
7621,2006,7,25.600000000000023,2,7.55000000000004,,,,,4.0
7621,2007,7,21.400000000000034,12,9.600000000000025,,,,,2.0
7621,2008,7,21.5,12,9.5,,,,,1.0
7621,2009,8,24.800000000000008,1,9.100000000000025,,,,,2.0
7621,2010,7,22.5,1,6.600000000000023,,,,,2.0
7621,2011,9,23.5,1,7.300000000000013,,,,,4.0
7621,2012,8,24.300000000000008,2,6.100000000000023,,,,,3.0
7621,2013,7,27.200000000000053,1,7.0,,,,,1.0
7621,2014,9,23.650000000000038,12,9.0,12.0,0.2,12.0,0.2,1.0
7621,2015,8,24.200000000000053,2,7.900000000000035,3.0,0.8,1.0,0.0,2.0
7621,2016,8,24.600000000000023,2,9.900000000000034,1.0,1.4,5.0,0.0,5.0
7621,2017,8,24.600000000000023,1,6.7000000000000455,12.0,0.4,1.0,0.0,6.0
7621,2018,7,25.800000000000008,2,5.8500000000000245,1.0,1.8,6.0,0.0,0.0
7621,2019,7,24.900000000000034,1,6.0,5.0,0.4,2.0,0.0,4.0
7627,1996,6,24.600000000000023,2,7.600000000000023,,,,,0.0
7627,1997,8,26.200000000000053,1,9.200000000000017,,,,,1.0
7627,1998,8,23.700000000000053,12,8.600000000000023,,,,,5.0
7627,1999,8,24.0,12,8.300000000000011,,,,,1.0
7627,2000,8,24.100000000000023,1,8.390000000000043,,,,,0.0
7627,2001,8,24.900000000000034,12,6.300000000000013,,,,,2.0
7627,2002,6,20.950000000000017,1,11.0,,,,,2.0
7627,2003,8,29.200000000000053,2,7.500000000000029,,,,,17.0
7627,2004,6,23.600000000000026,1,8.400000000000034,,,,,3.0
7627,2005,6,23.600000000000023,2,4.75,,,,,1.0
7627,2006,7,28.600000000000023,1,7.0,,,,,3.0
7627,2007,7,22.5,12,9.5,,,,,1.0
7627,2008,7,21.600000000000023,12,7.900000000000035,,,,,0.0
7627,2009,8,25.700000000000053,1,8.400000000000034,,,,,4.0
7627,2010,7,23.900000000000034,1,5.300000000000012,,,,,3.0
7627,2011,8,24.5,1,7.5,,,,,3.0
7627,2012,8,25.5,2,5.350000000000023,,,,,4.0
7627,2013,7,27.300000000000008,11,6.300000000000013,,,,,0.0
7627,2014,9,23.75000000000003,12,8.700000000000045,12.0,0.7,12.0,0.7,1.0
7627,2015,7,25.0,2,6.500000000000028,3.0,1.4,1.0,0.0,4.0
7627,2016,8,24.900000000000034,2,9.400000000000034,2.0,3.0999999999999996,5.0,0.0,5.0
7627,2017,6,24.150000000000006,1,5.800000000000013,12.0,1.8,1.0,0.0,2.0
7627,2018,7,26.400000000000034,2,4.850000000000023,2.0,2.8,7.0,0.0,1.0
7627,2019,7,26.300000000000008,1,6.7000000000000455,5.0,2.2,2.0,0.0,8.0
7630,1996,6,26.100000000000023,2,7.600000000000023,,,,,1.0
7630,1997,8,26.600000000000023,1,8.700000000000045,,,,,1.0
7630,1998,8,25.600000000000023,12,6.5,,,,,4.0
7630,1999,8,26.600000000000023,12,7.890000000000043,,,,,1.0
7630,2000,8,27.09500000000003,1,6.5,,,,,1.0
7630,2001,8,24.400000000000034,12,6.0,,,,,5.0
7630,2002,7,23.700000000000053,1,9.700000000000044,,,,,0.0
7630,2003,8,30.0,1,7.300000000000013,,,,,20.0
7630,2004,8,25.900000000000034,12,8.100000000000023,,,,,2.0
7630,2005,7,26.900000000000034,12,3.7000000000000455,,,,,6.0
7630,2006,7,30.300000000000043,2,7.150000000000034,,,,,10.0
7630,2007,8,24.0,12,8.200000000000045,,,,,3.0
7630,2008,7,24.700000000000053,12,7.100000000000023,,,,,2.0
7630,2009,8,27.950000000000017,1,7.100000000000023,,,,,7.0
7630,2010,7,26.600000000000023,12,5.8500000000000245,,,,,5.0
7630,2011,8,27.100000000000023,1,8.100000000000023,,,,,4.0
7630,2012,8,27.800000000000008,2,5.800000000000013,,,,,11.0
7630,2013,7,29.300000000000008,1,6.7000000000000455,,,,,3.0
7630,2014,9,24.850000000000023,12,7.800000000000013,12.0,0.0,12.0,0.0,0.0
7630,2015,7,26.800000000000008,1,7.0,3.0,0.2,1.0,0.0,7.0
7630,2016,8,26.400000000000034,12,9.5,2.0,1.0,3.0,0.0,2.0
7630,2017,8,27.300000000000008,1,5.900000000000035,12.0,0.2,1.0,0.0,7.0
7630,2018,7,29.100000000000023,2,6.500000000000028,1.0,1.2,4.0,0.0,5.0
7630,2019,7,28.400000000000034,1,6.600000000000023,5.0,0.5,2.0,0.0,11.0
7643,1996,7,27.700000000000053,2,10.0,,,,,2.0
7643,1997,8,28.0,1,9.890000000000043,,,,,1.0
7643,1998,8,28.84500000000003,12,10.800000000000011,,,,,1.0
7643,1999,7,27.5,12,10.5,,,,,0.0
7643,2000,8,27.300000000000008,1,10.100000000000025,,,,,2.0
7643,2001,8,27.900000000000034,12,8.900000000000034,,,,,3.0
7643,2002,7,26.700000000000053,1,9.200000000000044,,,,,2.0
7643,2003,8,31.100000000000023,2,9.150000000000006,,,,,13.0
7643,2004,7,26.800000000000008,2,9.900000000000034,,,,,3.0
7643,2005,6,28.100000000000026,12,7.900000000000035,,,,,0.0
7643,2006,7,30.900000000000034,1,8.5,,,,,15.0
7643,2007,7,26.300000000000008,12,10.900000000000034,,,,,3.0
7643,2008,7,27.0,12,9.700000000000044,,,,,2.0
7643,2009,8,29.100000000000023,1,9.800000000000011,,,,,7.0
7643,2010,7,29.0,1,7.2000000000000455,,,,,7.0
7643,2011,8,26.900000000000034,1,8.800000000000011,,,,,0.0
7643,2012,8,28.700000000000053,2,10.300000000000011,,,,,3.0
7643,2013,7,29.5,1,10.100000000000025,,,,,1.0
7643,2014,8,26.5,1,11.700000000000045,12.0,0.0,12.0,0.0,1.0
7643,2015,7,29.700000000000053,2,11.100000000000025,1.0,0.0,1.0,0.0,7.0
7643,2016,7,29.100000000000023,1,11.600000000000026,1.0,0.0,1.0,0.0,6.0
7643,2017,7,28.100000000000023,1,9.0,1.0,0.0,1.0,0.0,10.0
7643,2018,8,29.600000000000026,2,9.150000000000034,11.0,1.6,1.0,0.0,11.0
7643,2019,7,30.100000000000023,1,10.600000000000025,1.0,0.0,1.0,0.0,8.0
7650,1996,7,28.100000000000023,2,9.300000000000011,,,,,0.0
7650,1997,8,29.0,1,10.300000000000011,,,,,2.0
7650,1998,8,29.79500000000005,12,8.390000000000043,,,,,9.0
7650,1999,7,29.5,12,9.5,,,,,2.0
7650,2000,8,28.700000000000053,1,8.300000000000011,,,,,8.0
7650,2001,8,29.200000000000053,12,8.100000000000023,,,,,11.0
7650,2002,8,28.300000000000043,1,9.700000000000044,,,,,6.0
7650,2003,8,33.400000000000034,1,9.100000000000025,,,,,40.0
7650,2004,8,29.0,1,9.0,,,,,2.0
7650,2005,6,29.200000000000053,12,7.600000000000023,,,,,3.0
7650,2006,7,33.100000000000016,1,9.400000000000034,,,,,23.0
7650,2007,8,28.400000000000034,12,10.200000000000044,,,,,7.0
7650,2008,8,28.900000000000034,12,9.600000000000025,,,,,8.0
7650,2009,8,30.800000000000008,1,8.5,,,,,15.0
7650,2010,7,31.300000000000008,1,8.0,,,,,10.0
7650,2011,8,29.200000000000053,1,8.150000000000006,,,,,7.0
7650,2012,8,30.300000000000008,2,9.100000000000025,,,,,14.0
7650,2013,7,30.800000000000008,2,8.55000000000004,,,,,11.0
7650,2014,7,27.600000000000023,12,11.0,12.0,0.0,12.0,0.0,7.0
7650,2015,7,31.800000000000008,1,9.300000000000011,10.0,0.1,1.0,0.0,21.0
7650,2016,7,30.55000000000001,1,11.5,1.0,0.2,2.0,0.0,8.0
7650,2017,7,30.400000000000034,1,7.400000000000035,1.0,0.0,1.0,0.0,21.0
7650,2018,7,31.700000000000053,2,8.950000000000017,11.0,0.4,1.0,0.0,20.0
7650,2019,7,31.600000000000023,1,9.100000000000025,1.0,0.0,1.0,0.0,27.0
7661,1996,8,26.100000000000023,2,9.200000000000044,,,,,0.0
7661,1997,8,27.390000000000054,1,11.300000000000011,,,,,0.0
7661,1998,8,26.700000000000053,12,10.700000000000044,,,,,0.0
7661,1999,8,26.890000000000054,12,10.390000000000043,,,,,0.0
7661,2000,8,25.890000000000054,1,10.200000000000044,,,,,0.0
7661,2001,8,26.800000000000008,12,9.900000000000034,,,,,0.0
7661,2002,7,25.900000000000034,1,10.400000000000034,,,,,0.0
7661,2003,8,30.5,2,9.200000000000044,,,,,6.0
7661,2004,8,26.150000000000038,1,10.550000000000011,,,,,1.0
7661,2005,7,26.100000000000023,12,9.800000000000011,,,,,1.0
7661,2006,7,29.600000000000023,1,9.400000000000034,,,,,0.0
7661,2007,7,25.800000000000008,12,11.5,,,,,1.0
7661,2008,8,26.600000000000023,12,10.05000000000004,,,,,1.0
7661,2009,8,27.600000000000023,1,10.200000000000044,,,,,0.0
7661,2010,7,28.300000000000008,1,8.200000000000045,,,,,0.0
7661,2011,8,26.600000000000023,1,10.25,,,,,0.0
7661,2012,8,27.700000000000053,2,9.0,,,,,0.0
7661,2013,8,28.5,2,9.600000000000025,,,,,0.0
7661,2014,8,25.5,1,12.200000000000045,12.0,0.0,12.0,0.0,0.0
7661,2015,7,28.900000000000034,2,11.900000000000036,2.0,0.2,1.0,0.0,4.0
7661,2016,8,28.100000000000023,1,12.0,11.0,0.7,1.0,0.0,1.0
7661,2017,7,28.0,1,10.350000000000025,1.0,0.0,1.0,0.0,3.0
7661,2018,8,29.300000000000008,2,9.200000000000044,11.0,0.4,1.0,0.0,4.0
7661,2019,7,29.200000000000053,1,11.500000000000032,1.0,0.0,1.0,0.0,7.0
7690,1996,8,26.5,2,12.100000000000026,,,,,0.0
7690,1997,8,27.200000000000053,12,11.890000000000045,,,,,0.0
7690,1998,8,27.600000000000023,12,11.700000000000045,,,,,0.0
7690,1999,7,27.100000000000026,12,11.200000000000044,,,,,0.0
7690,2000,8,27.300000000000008,1,12.200000000000045,,,,,0.0
7690,2001,8,28.100000000000023,12,11.700000000000045,,,,,0.0
7690,2002,8,26.300000000000008,1,11.900000000000036,,,,,0.0
7690,2003,8,29.800000000000008,2,11.900000000000006,,,,,3.0
7690,2004,8,27.400000000000034,1,11.600000000000026,,,,,2.0
7690,2005,7,26.600000000000023,12,10.800000000000011,,,,,2.0
7690,2006,7,29.400000000000034,1,11.0,,,,,2.0
7690,2007,8,26.200000000000053,12,13.150000000000006,,,,,3.0
7690,2008,8,26.600000000000023,12,11.400000000000036,,,,,0.0
7690,2009,8,27.700000000000053,12,11.600000000000026,,,,,1.0
7690,2010,7,28.0,12,9.5,,,,,0.0
7690,2011,8,25.700000000000053,1,11.05000000000004,,,,,1.0
7690,2012,8,27.900000000000034,2,10.800000000000011,,,,,1.0
7690,2013,7,27.400000000000034,2,11.600000000000026,,,,,0.0
7690,2014,8,25.300000000000008,1,12.200000000000045,12.0,0.0,12.0,0.0,0.0
7690,2015,7,28.900000000000034,2,12.550000000000011,1.0,0.0,1.0,0.0,2.0
7690,2016,8,26.900000000000034,1,12.5,1.0,0.0,1.0,0.0,1.0
7690,2017,8,27.0,1,12.100000000000026,1.0,0.0,1.0,0.0,1.0
7690,2018,8,28.900000000000034,2,10.900000000000034,3.0,0.4,1.0,0.0,0.0
7690,2019,7,28.100000000000023,1,11.800000000000011,1.0,0.0,1.0,0.0,0.0
7747,1996,7,28.200000000000053,2,10.100000000000025,,,,,3.0
7747,1997,8,28.100000000000023,1,10.0,,,,,3.0
7747,1998,7,28.300000000000008,12,10.995000000000033,,,,,3.0
7747,1999,8,28.200000000000053,12,11.300000000000011,,,,,0.0
7747,2000,8,27.400000000000034,1,10.390000000000043,,,,,3.0
7747,2001,8,28.400000000000034,12,10.100000000000025,,,,,12.0
7747,2002,7,26.650000000000006,1,12.0,,,,,3.0
7747,2003,8,31.100000000000023,2,9.75,,,,,24.0
7747,2004,8,28.300000000000008,1,10.100000000000025,,,,,5.0
7747,2005,7,28.100000000000023,2,7.900000000000034,,,,,7.0
7747,2006,7,32.100000000000016,1,9.5,,,,,17.0
7747,2007,7,26.900000000000034,12,12.200000000000045,,,,,1.0
7747,2008,8,28.100000000000023,12,10.800000000000011,,,,,4.0
7747,2009,8,29.200000000000053,1,9.800000000000011,,,,,11.0
7747,2010,7,29.400000000000034,1,9.300000000000011,,,,,8.0
7747,2011,8,28.0,1,10.300000000000011,,,,,2.0
7747,2012,8,28.700000000000053,2,9.200000000000044,,,,,5.0
7747,2013,7,30.300000000000008,2,9.050000000000011,,,,,7.0
7747,2014,7,26.600000000000023,12,11.800000000000011,12.0,0.0,12.0,0.0,2.0
7747,2015,7,30.300000000000008,2,11.30000000000004,1.0,0.0,1.0,0.0,11.0
7747,2016,7,29.200000000000017,1,12.900000000000036,1.0,0.0,1.0,0.0,12.0
7747,2017,6,28.25000000000003,1,10.400000000000034,1.0,0.0,1.0,0.0,7.0
7747,2018,7,30.800000000000008,2,9.200000000000044,3.0,0.2,1.0,0.0,20.0
7747,2019,7,30.400000000000034,1,10.300000000000011,1.0,0.0,1.0,0.0,13.0
7761,1996,8,27.05000000000001,2,12.600000000000026,,,,,1.0
7761,1997,8,27.890000000000054,1,13.800000000000011,,,,,0.0
7761,1998,8,27.700000000000053,12,13.0,,,,,2.0
7761,1999,8,28.100000000000023,2,12.350000000000023,,,,,2.0
7761,2000,8,27.700000000000053,1,12.100000000000026,,,,,4.0
7761,2001,8,28.5,12,12.100000000000026,,,,,1.0
7761,2002,7,26.650000000000006,1,12.800000000000011,,,,,0.0
7761,2003,8,30.800000000000008,2,12.0,,,,,6.0
7761,2004,8,27.900000000000034,1,12.400000000000036,,,,,1.0
7761,2005,7,26.5,2,10.950000000000017,,,,,1.0
7761,2006,7,29.800000000000008,1,12.300000000000011,,,,,1.0
7761,2007,8,27.400000000000034,12,13.900000000000036,,,,,0.0
7761,2008,8,27.900000000000034,12,12.900000000000036,,,,,3.0
7761,2009,8,29.400000000000034,1,12.5,,,,,1.0
7761,2010,7,28.400000000000034,1,11.700000000000045,,,,,2.0
7761,2011,8,27.200000000000053,1,12.800000000000011,,,,,0.0
7761,2012,8,29.300000000000008,2,11.5,,,,,3.0
7761,2013,8,28.700000000000053,2,11.80000000000004,,,,,2.0
7761,2014,8,27.0,1,14.200000000000045,12.0,0.0,12.0,0.0,0.0
7761,2015,7,30.0,2,13.05000000000004,1.0,0.0,1.0,0.0,0.0
7761,2016,8,27.900000000000034,1,14.200000000000045,2.0,1.0,3.0,0.0,0.0
7761,2017,8,29.5,12,12.300000000000011,12.0,0.8,1.0,0.0,5.0
7761,2018,8,30.0,2,12.200000000000045,2.0,1.8,1.0,0.0,2.0
7761,2019,7,29.400000000000034,1,12.200000000000045,1.0,0.0,1.0,0.0,2.0
7790,1996,8,27.600000000000023,2,12.5,,,,,0.0
7790,1997,8,28.100000000000023,1,13.390000000000045,,,,,0.0
7790,1998,8,28.600000000000023,12,12.300000000000011,,,,,2.0
7790,1999,8,28.600000000000023,2,13.345000000000027,,,,,0.0
7790,2000,8,28.300000000000008,1,12.390000000000045,,,,,0.0
7790,2001,8,29.300000000000008,12,12.350000000000023,,,,,2.0
7790,2002,7,27.900000000000034,1,13.350000000000023,,,,,0.0
7790,2003,8,31.400000000000034,2,10.30000000000004,,,,,11.0
7790,2004,8,28.5,3,13.300000000000011,,,,,0.0
7790,2005,7,28.5,2,10.0,,,,,1.0
7790,2006,7,30.600000000000023,1,10.400000000000034,,,,,5.0
7790,2007,8,27.800000000000008,12,12.600000000000023,,,,,0.0
7790,2008,8,28.800000000000008,2,13.300000000000011,,,,,0.0
7790,2009,8,29.600000000000023,1,12.300000000000011,,,,,1.0
7790,2010,7,29.700000000000053,1,10.800000000000011,,,,,1.0
7790,2011,8,28.5,1,12.5,,,,,0.0
7790,2012,8,29.800000000000008,2,10.300000000000011,,,,,3.0
7790,2013,7,29.5,2,11.600000000000026,,,,,1.0
7790,2014,8,27.200000000000053,1,14.600000000000026,12.0,0.0,12.0,0.0,0.0
7790,2015,7,31.0,2,12.700000000000045,2.0,0.2,1.0,0.0,9.0
7790,2016,7,29.300000000000008,1,14.600000000000026,2.0,0.2,1.0,0.0,1.0
7790,2017,8,29.900000000000034,1,11.800000000000011,1.0,0.2,2.0,0.0,7.0
7790,2018,8,30.0,2,10.800000000000011,5.0,1.0,1.0,0.0,4.0
7790,2019,7,29.700000000000053,1,13.0,5.0,0.2,1.0,0.0,7.0
61968,1996,3,31.0,8,27.5,,,,,
61968,1997,3,31.5,7,27.390000000000054,,,,,
61968,1998,2,31.900000000000006,7,27.99500000000004,,,,,
61968,1999,1,31.0,8,27.700000000000053,,,,,
61968,2000,1,31.100000000000023,8,27.200000000000053,,,,,
61968,2001,2,31.300000000000008,7,27.200000000000053,,,,,
61968,2002,12,31.200000000000053,10,29.05000000000001,,,,,
61968,2003,1,30.950000000000017,5,29.700000000000053,,,,,
61968,2004,1,30.80000000000001,7,27.300000000000008,,,,,
61968,2005,3,31.5,9,24.300000000000008,,,,,
61968,2006,11,30.75000000000003,12,29.5,,,,,
61968,2007,3,31.200000000000053,7,27.900000000000034,,,,,
61968,2008,3,30.800000000000008,8,26.900000000000034,,,,,
61968,2009,3,31.300000000000008,8,27.800000000000008,,,,,
61968,2010,2,31.75000000000003,8,27.450000000000017,,,,,
61968,2011,1,30.800000000000008,7,27.75000000000003,,,,,
61968,2012,1,31.200000000000053,9,28.300000000000008,,,,,
61968,2013,3,31.100000000000023,7,27.300000000000008,,,,,
61968,2014,12,31.0,8,28.0,,,,,
61968,2015,2,30.5,3,28.600000000000023,,,,,
61968,2016,12,30.900000000000034,7,27.5,6.0,0.4,5.0,0.0,
61968,2017,4,31.0,7,28.0,12.0,2.0,3.0,0.0,
61968,2018,12,31.0,7,27.650000000000038,1.0,2.5,2.0,0.0,
61968,2019,3,31.700000000000053,7,28.100000000000023,4.0,1.2,3.0,0.0,
61970,1996,12,31.25000000000003,7,26.890000000000054,,,,,
61970,1997,12,31.700000000000017,7,27.100000000000023,,,,,
61970,1998,1,32.30000000000001,7,27.390000000000054,,,,,
61970,1999,3,31.390000000000054,7,27.300000000000008,,,,,
61970,2000,3,31.150000000000038,7,26.700000000000053,,,,,
61970,2001,2,31.300000000000008,7,27.100000000000023,,,,,
61970,2002,3,31.5,7,27.5,,,,,
61970,2003,1,31.700000000000053,7,26.75000000000003,,,,,
61970,2004,1,31.600000000000026,7,27.25000000000003,,,,,
61970,2005,2,31.850000000000023,7,27.25000000000003,,,,,
61970,2006,12,31.400000000000034,7,26.950000000000017,,,,,
61970,2007,3,31.400000000000034,7,27.300000000000008,,,,,
61970,2008,12,31.400000000000034,7,26.900000000000034,,,,,
61970,2009,2,31.850000000000026,7,27.100000000000023,,,,,
61970,2010,4,31.5,8,27.0,,,,,
61970,2011,12,31.450000000000017,7,26.5,,,,,
61970,2012,12,31.200000000000053,6,27.100000000000026,,,,,
61970,2013,3,31.100000000000023,7,26.5,,,,,
61970,2014,3,31.300000000000008,7,27.700000000000053,,,,,
61970,2015,4,30.75000000000003,3,29.0,,,,,
61970,2017,1,31.0,9,28.0,,,,,
61970,2018,12,32.75000000000003,7,26.50000000000003,,,,,
61970,2019,1,29.450000000000017,1,29.450000000000017,,,,,
61972,1996,2,31.200000000000053,8,24.200000000000053,,,,,
61972,1997,1,30.800000000000008,7,24.800000000000008,,,,,
61972,1998,3,31.0,8,24.700000000000053,9.0,0.6,9.0,0.6,
61972,1999,2,30.5,9,25.300000000000008,,,,,
61972,2000,3,31.0,7,24.390000000000054,,,,,
61972,2001,2,30.600000000000023,7,24.600000000000023,,,,,
61972,2002,3,30.300000000000008,7,25.0,8.0,901.3,8.0,901.3,
61972,2003,2,30.900000000000034,7,24.200000000000053,,,,,
61972,2004,1,31.600000000000023,7,25.300000000000008,,,,,
61972,2005,2,30.700000000000053,9,23.800000000000008,,,,,
61972,2006,3,31.25000000000003,7,24.900000000000006,,,,,
61972,2007,12,30.600000000000023,7,24.900000000000034,,,,,
61972,2008,1,30.400000000000034,7,24.800000000000008,,,,,
61972,2009,1,31.300000000000008,7,24.200000000000053,,,,,
61972,2010,2,31.5,7,24.800000000000043,,,,,
61972,2011,1,31.400000000000034,7,23.700000000000053,,,,,
61972,2012,2,29.900000000000034,7,24.200000000000053,,,,,
61972,2013,1,31.100000000000023,7,23.800000000000008,,,,,
61972,2014,3,31.400000000000034,8,25.05000000000001,,,,,
61972,2015,1,30.300000000000008,3,28.900000000000034,,,,,
61972,2016,12,30.0,7,25.100000000000023,9.0,0.2,8.0,0.0,
61972,2017,1,31.200000000000053,8,25.05000000000001,1.0,0.0,1.0,0.0,
61972,2018,3,31.0,7,25.0,8.0,0.2,1.0,0.0,
61972,2019,1,29.5,7,25.0,1.0,0.7,2.0,0.0,
61976,1996,3,30.300000000000008,7,24.390000000000054,,,,,
61976,1997,3,29.600000000000023,7,24.800000000000008,,,,,
61976,1998,2,30.99500000000004,8,24.79500000000005,,,,,
61976,1999,2,30.0,8,24.94500000000003,1.0,0.6,1.0,0.6,
61976,2000,2,29.300000000000008,7,24.75000000000003,4.0,900.3,4.0,900.3,
61976,2001,2,30.600000000000023,7,25.0,,,,,
61976,2002,2,30.800000000000008,8,25.100000000000023,4.0,901.2,4.0,901.2,
61976,2003,1,30.400000000000034,8,25.0,,,,,
61976,2004,2,30.900000000000034,7,25.5,,,,,
61976,2005,2,31.150000000000006,8,24.900000000000034,,,,,
61976,2006,1,30.300000000000008,8,25.300000000000008,,,,,
61976,2007,1,31.100000000000023,7,25.55000000000001,,,,,
61976,2008,2,30.100000000000023,7,25.100000000000023,,,,,
61976,2009,1,31.300000000000008,7,25.700000000000053,,,,,
61976,2010,1,31.400000000000034,8,25.800000000000008,,,,,
61976,2011,12,30.300000000000008,7,26.05000000000001,,,,,
61976,2012,1,31.25,7,25.700000000000053,,,,,
61976,2013,2,30.700000000000053,7,25.400000000000034,,,,,
61976,2014,2,30.850000000000023,8,26.100000000000023,,,,,
61976,2015,3,30.700000000000053,8,25.75,12.0,0.4,12.0,0.4,
61976,2016,1,30.900000000000034,7,24.700000000000053,4.0,1.5,10.0,0.0,
61976,2017,2,30.850000000000023,7,26.300000000000008,4.0,1.6,6.0,0.0,
61976,2018,2,30.950000000000017,7,25.100000000000023,2.0,2.4,9.0,0.0,
61976,2019,3,31.200000000000053,7,26.100000000000023,7.0,2.5999999999999996,5.0,0.0,
61980,1996,2,28.300000000000008,7,22.800000000000008,,,,,
61980,1997,1,28.200000000000053,7,23.100000000000023,,,,,
61980,1998,1,30.0,7,23.300000000000008,,,,,
61980,1999,2,28.390000000000054,7,23.300000000000008,,,,,
61980,2000,2,28.400000000000006,8,22.950000000000017,,,,,
61980,2001,2,29.5,7,23.05000000000001,,,,,
61980,2002,2,28.850000000000023,8,23.400000000000034,,,,,
61980,2003,3,29.300000000000008,8,22.900000000000034,,,,,
61980,2004,2,29.400000000000034,6,23.75000000000003,,,,,
61980,2005,1,29.400000000000034,7,23.5,,,,,
61980,2006,2,28.950000000000017,7,23.200000000000053,,,,,
61980,2007,2,29.200000000000053,9,23.700000000000053,,,,,
61980,2008,1,28.600000000000023,7,23.600000000000023,,,,,
61980,2009,2,29.950000000000017,8,23.300000000000008,,,,,
61980,2010,2,29.600000000000023,8,23.5,,,,,
61980,2011,2,29.300000000000008,8,24.100000000000023,,,,,
61980,2012,2,30.0,9,24.200000000000053,,,,,
61980,2013,1,29.100000000000023,8,24.100000000000023,,,,,
61980,2014,2,29.650000000000006,7,24.200000000000053,12.0,0.30000000000000004,12.0,0.30000000000000004,
61980,2015,12,29.0,8,23.700000000000017,6.0,1.9000000000000001,3.0,0.0,
61980,2016,2,29.400000000000034,7,23.300000000000008,2.0,5.6,1.0,0.0,
61980,2017,1,29.800000000000008,7,24.650000000000038,3.0,1.9000000000000001,4.0,0.0,
61980,2018,2,29.75000000000003,7,23.800000000000008,3.0,5.7,8.0,0.0,
61980,2019,2,30.600000000000023,6,24.400000000000034,6.0,0.5,1.0,0.0,
61996,1996,1,19.80000000000001,7,10.800000000000011,,,,,
61996,1997,2,19.5,8,11.300000000000011,,,,,
61996,1998,2,19.390000000000047,7,10.800000000000011,,,,,
61996,1999,2,19.30000000000001,8,10.600000000000025,,,,,
61996,2000,3,19.30000000000001,8,11.800000000000011,,,,,
61996,2001,2,18.950000000000017,8,11.5,,,,,
61996,2002,2,19.450000000000017,8,10.700000000000044,,,,,
61996,2003,1,18.30000000000004,8,10.900000000000034,,,,,
61996,2004,1,19.05000000000004,7,12.100000000000026,,,,,
61996,2005,1,18.30000000000001,8,11.750000000000032,,,,,
61996,2006,2,19.700000000000017,8,10.750000000000028,,,,,
61996,2007,1,19.600000000000023,6,10.700000000000044,,,,,
61996,2008,2,19.450000000000017,7,10.700000000000044,,,,,
61996,2009,2,17.300000000000008,7,10.0,,,,,
61996,2010,12,18.70000000000005,8,11.400000000000036,,,,,
61996,2011,2,19.80000000000001,8,11.400000000000036,,,,,
61996,2012,2,18.600000000000023,8,11.700000000000045,,,,,
61996,2013,3,18.0,7,11.700000000000045,,,,,
61996,2014,2,18.600000000000023,8,10.700000000000044,,,,,
61996,2015,1,18.80000000000001,8,11.800000000000011,,,,,
61996,2016,1,18.600000000000023,8,11.100000000000025,,,,,
61996,2017,2,19.700000000000017,8,11.400000000000036,,,,,
61996,2018,1,19.950000000000017,7,10.650000000000034,,,,,
61996,2019,2,19.5,8,11.400000000000036,9.0,2.8,1.0,0.0,
61997,1996,1,9.345000000000027,9,2.8900000000000428,,,,,
61997,1997,2,12.200000000000045,8,2.995000000000033,,,,,
61997,1998,1,9.0,8,3.3000000000000114,10.0,1.0,10.0,1.0,
61997,1999,1,9.600000000000023,8,2.1000000000000227,,,,,
61997,2000,2,8.700000000000045,8,2.200000000000045,,,,,
61997,2001,1,9.0,7,2.900000000000034,,,,,
61997,2002,2,9.80000000000004,9,3.2500000000000284,,,,,
61997,2003,6,9.900000000000034,9,1.8000000000000114,,,,,
61997,2004,3,8.400000000000034,9,2.7500000000000284,,,,,
61997,2005,1,7.900000000000035,7,2.300000000000012,,,,,
61997,2006,12,8.700000000000045,6,2.100000000000023,,,,,
61997,2007,2,10.100000000000025,6,2.1000000000000227,,,,,
61997,2008,2,8.400000000000034,8,1.900000000000006,,,,,
61997,2009,2,8.950000000000017,7,2.7000000000000446,,,,,
61997,2010,1,8.950000000000017,9,2.5000000000000284,,,,,
61997,2011,12,8.400000000000034,6,2.200000000000017,,,,,
61997,2012,1,9.5,9,3.200000000000017,,,,,
61997,2013,1,8.400000000000034,6,2.2500000000000284,,,,,
61997,2014,1,9.300000000000011,8,1.7000000000000457,,,,,
61997,2015,2,9.960000000000008,7,2.900000000000034,,,,,
61997,2016,3,9.100000000000025,5,3.2500000000000284,,,,,
61997,2017,2,8.700000000000045,9,2.3500000000000227,,,,,
61997,2018,3,9.0,8,2.1000000000000227,,,,,
61997,2019,2,9.700000000000017,9,2.1000000000000227,7.0,14.0,1.0,0.2,
61998,1996,3,8.795000000000044,7,0.9450000000000216,,,,,
61998,1997,2,10.195000000000022,8,2.0,,,,,
61998,1998,1,10.100000000000025,8,2.1000000000000227,,,,,
61998,1999,1,9.5,7,1.3450000000000273,,,,,
61998,2000,2,10.600000000000025,7,1.6000000000000227,,,,,
61998,2001,2,9.800000000000011,7,0.7500000000000284,,,,,
61998,2002,2,11.400000000000036,7,1.6000000000000227,,,,,
61998,2003,3,9.100000000000025,7,1.3500000000000227,,,,,
61998,2004,1,10.250000000000028,8,2.0,,,,,
61998,2005,1,9.200000000000044,7,0.7000000000000455,,,,,
61998,2006,2,8.750000000000028,8,0.20000000000004547,,,,,
61998,2007,12,9.300000000000011,6,0.20000000000004547,,,,,
61998,2008,1,10.0,8,1.2000000000000457,,,,,
61998,2009,2,8.700000000000045,7,0.8000000000000114,,,,,
61998,2010,1,8.700000000000017,9,2.700000000000017,,,,,
61998,2011,1,9.800000000000011,7,1.3000000000000114,,,,,
61998,2012,1,10.400000000000034,6,2.700000000000017,,,,,
61998,2013,2,10.600000000000023,8,1.7000000000000457,,,,,
61998,2014,12,9.410000000000023,8,0.10000000000002274,,,,,
61998,2015,1,9.010000000000046,6,1.7000000000000457,,,,,
61998,2016,1,9.550000000000011,8,2.400000000000034,,,,,
61998,2017,2,10.900000000000034,6,2.7500000000000284,,,,,
61998,2018,2,10.900000000000034,7,1.3500000000000227,,,,,
61998,2019,1,11.100000000000025,7,1.2000000000000457,,,,,
67005,1996,3,30.0,8,26.600000000000023,,,,,
67005,1997,4,30.300000000000008,7,26.5,,,,,
67005,1998,2,31.19500000000003,8,27.0,,,,,
67005,1999,2,29.800000000000008,7,26.55000000000001,7.0,800.9,7.0,800.9,
67005,2000,4,30.150000000000038,7,26.390000000000054,,,,,
67005,2001,2,30.300000000000008,7,26.700000000000053,,,,,
67005,2002,4,30.150000000000038,8,26.800000000000008,,,,,
67005,2003,3,30.5,8,26.400000000000034,,,,,
67005,2004,2,30.200000000000053,7,26.600000000000023,,,,,
67005,2005,3,30.900000000000034,7,26.700000000000053,,,,,
67005,2006,4,30.400000000000034,8,26.800000000000008,,,,,
67005,2007,3,30.600000000000023,7,26.800000000000008,,,,,
67005,2008,2,29.900000000000034,7,26.200000000000053,,,,,
67005,2009,12,30.5,7,26.900000000000034,,,,,
67005,2010,3,31.200000000000053,7,26.800000000000008,,,,,
67005,2011,11,30.600000000000023,8,27.100000000000023,,,,,
67005,2012,12,30.100000000000023,7,26.800000000000008,,,,,
67005,2013,2,30.850000000000023,7,27.0,,,,,
67005,2014,3,30.300000000000043,7,27.5,12.0,0.0,12.0,0.0,
67005,2015,12,31.200000000000053,8,26.300000000000008,8.0,12.1,2.0,0.0,
67005,2016,3,31.5,7,26.75000000000003,1.0,6.7,4.0,0.0,
67005,2017,5,30.700000000000017,8,27.80000000000001,2.0,7.4,1.0,0.0,
67005,2018,3,30.700000000000053,8,28.0,3.0,1.0,2.0,0.0,
67005,2019,3,31.050000000000043,8,27.900000000000034,1.0,11.7,3.0,0.0,
71805,1996,8,16.700000000000045,1,-3.9549999999999557,,,,,
71805,1997,8,15.200000000000045,2,-3.849999999999966,,,,,
71805,1998,8,18.245000000000033,2,-2.5,,,,,
71805,1999,8,18.0,1,-1.6999999999999886,,,,,
71805,2000,8,17.300000000000008,2,-2.6999999999999886,,,,,
71805,2001,8,16.900000000000034,2,-4.0,,,,,
71805,2002,8,16.600000000000026,1,-3.599999999999966,,,,,
71805,2003,8,16.800000000000008,2,-5.399999999999976,,,,,
71805,2004,8,17.70000000000005,1,-3.6999999999999886,,,,,
71805,2005,8,17.100000000000026,1,-4.7999999999999545,,,,,
71805,2006,8,16.700000000000045,2,-2.599999999999966,,,,,
71805,2007,8,16.300000000000008,2,-4.649999999999977,,,,,
71805,2008,8,15.900000000000036,3,-2.7999999999999545,,,,,
71805,2009,8,17.70000000000005,1,-2.6999999999999886,,,,,
71805,2010,8,17.150000000000034,1,-1.1499999999999773,,,,,
71805,2011,9,15.100000000000026,2,-1.5,,,,,
71805,2012,8,18.80000000000001,2,-1.099999999999966,,,,,
71805,2013,8,18.55000000000001,1,-3.3999999999999773,,,,,
71805,2014,8,19.400000000000034,2,-3.3999999999999773,,,,,
71805,2015,8,16.150000000000034,2,-5.299999999999982,12.0,0.6,12.0,0.6,
71805,2016,8,18.400000000000034,1,-1.7999999999999543,12.0,1.0,3.0,0.0,
71805,2017,8,17.0,2,-1.8499999999999943,2.0,1.0,1.0,0.0,
71805,2018,8,17.5,1,-2.6999999999999886,10.0,0.5,3.0,0.0,
71805,2019,8,17.600000000000023,2,-5.599999999999993,1.0,0.4,10.0,-0.1,
78890,1996,8,28.400000000000006,7,26.75000000000003,,,,,
78890,1997,9,28.800000000000008,5,27.390000000000054,,,,,
78890,1998,8,29.390000000000054,2,26.44500000000003,,,,,
78890,1999,8,28.900000000000006,2,25.100000000000023,,,,,
78890,2000,9,28.800000000000008,1,25.34500000000003,,,,,
78890,2001,9,29.200000000000053,2,25.200000000000053,,,,,
78890,2002,10,28.700000000000053,2,25.650000000000038,,,,,
78890,2003,9,29.300000000000008,2,25.800000000000008,,,,,
78890,2004,8,28.900000000000034,2,25.900000000000034,5.0,992.7,5.0,992.7,
78890,2005,9,29.900000000000034,2,24.900000000000034,,,,,
78890,2006,9,29.650000000000038,2,25.400000000000034,,,,,
78890,2007,6,29.0,1,26.100000000000023,,,,,
78890,2008,6,28.300000000000008,2,25.600000000000023,,,,,
78890,2010,9,28.900000000000034,10,28.5,10.0,8.0,9.0,0.8,
78890,2016,10,29.650000000000038,11,27.5,11.0,4.2,9.0,0.2,
78890,2017,8,29.5,1,26.05000000000001,8.0,1.0,1.0,0.0,
78890,2018,9,28.800000000000008,2,25.400000000000034,11.0,1.2,1.0,0.0,
78890,2019,9,29.600000000000023,1,25.700000000000053,9.0,0.7,3.0,0.0,
78894,1996,8,28.100000000000023,12,24.890000000000054,12.0,1.2,2.0,0.0,
78894,1997,8,28.600000000000023,2,24.200000000000053,2.0,0.9,1.0,0.2,
78894,1998,8,29.0,1,25.5,,,,,
78894,1999,9,28.5,2,23.650000000000006,,,,,
78894,2000,9,28.5,2,23.800000000000008,,,,,
78894,2001,8,28.600000000000023,2,24.700000000000053,,,,,
78894,2002,8,28.700000000000053,2,24.800000000000008,4.0,14.0,4.0,14.0,
78894,2003,9,28.800000000000008,1,25.300000000000008,,,,,
78894,2004,8,28.5,1,24.600000000000023,,,,,
78894,2005,9,29.300000000000008,2,23.950000000000017,,,,,
78894,2006,9,28.800000000000008,2,24.55000000000001,,,,,
78894,2007,3,26.100000000000023,1,24.650000000000006,,,,,
78894,2016,8,29.300000000000008,12,26.300000000000008,9.0,1.4000000000000001,8.0,0.0,
78894,2017,9,29.100000000000026,1,25.0,1.0,1.2,2.0,0.0,
78894,2018,9,28.5,12,25.800000000000008,10.0,1.4,8.0,0.0,
78894,2019,10,29.300000000000008,1,25.0,6.0,0.4,3.0,0.0,
78897,1996,8,28.200000000000053,12,23.300000000000008,9.0,4.0,3.0,0.4,
78897,1997,7,28.800000000000008,1,22.800000000000008,9.0,2.8,4.0,0.0,
78897,1998,7,28.84500000000003,1,24.100000000000023,12.0,4.6,2.0,0.0,
78897,1999,6,28.75000000000003,2,22.600000000000023,1.0,2.8,5.0,0.0,
78897,2000,7,28.390000000000054,1,22.890000000000054,11.0,2.8,5.0,0.0,
78897,2001,6,28.900000000000034,2,22.900000000000034,10.0,4.5,3.0,0.0,
78897,2002,6,28.600000000000023,2,22.700000000000053,10.0,2.7,6.0,0.0,
78897,2003,9,28.800000000000008,1,23.300000000000008,10.0,4.4,4.0,0.0,
78897,2004,8,28.400000000000034,1,23.650000000000038,10.0,3.9,4.0,0.2,
78897,2005,9,29.0,2,23.100000000000023,8.0,2.0,4.0,0.0,
78897,2006,9,28.75000000000003,1,24.100000000000023,10.0,4.2,4.0,0.0,
78897,2007,6,28.700000000000053,1,23.700000000000053,12.0,1.8,4.0,0.0,
78897,2008,8,28.600000000000023,1,22.900000000000034,9.0,4.1,4.0,0.0,
78897,2009,9,28.800000000000008,2,24.350000000000023,11.0,2.5,3.0,0.2,
78897,2010,7,29.100000000000023,12,24.700000000000053,6.0,3.9000000000000004,2.0,0.0,
78897,2011,6,29.05000000000001,3,24.0,8.0,2.4,6.0,0.30000000000000004,
78897,2012,9,28.650000000000038,1,23.800000000000008,1.0,1.6,6.0,0.0,
78897,2013,7,28.400000000000034,1,24.800000000000008,8.0,2.4,3.0,0.0,
78897,2014,6,28.400000000000034,12,24.600000000000023,8.0,3.4,6.0,0.1,
78897,2015,10,29.25000000000003,1,24.600000000000023,11.0,2.8,5.0,0.0,
78897,2016,8,28.900000000000034,1,23.950000000000017,10.0,2.0,2.0,0.2,
78897,2017,8,29.100000000000023,1,24.300000000000008,8.0,4.2,11.0,0.0,
78897,2018,9,28.400000000000034,2,24.25000000000003,11.0,6.300000000000001,3.0,0.0,
78897,2019,9,29.200000000000053,1,23.700000000000053,9.0,1.8,10.0,0.0,
78922,1996,8,28.34500000000003,3,26.100000000000023,,,,,
78922,1997,9,28.700000000000053,2,25.5,,,,,
78922,1998,8,29.100000000000023,1,26.5,,,,,
78922,1999,8,29.100000000000023,2,25.79500000000005,,,,,
78922,2000,9,28.75000000000003,3,25.200000000000053,,,,,
78922,2001,9,29.25000000000003,2,25.200000000000053,,,,,
78922,2002,8,28.600000000000023,2,26.0,,,,,
78922,2003,9,29.100000000000026,1,26.150000000000038,,,,,
78922,2004,10,29.100000000000023,1,26.0,,,,,
78922,2005,9,29.900000000000034,2,25.600000000000026,,,,,
78922,2006,9,29.600000000000023,2,25.600000000000023,,,,,
78922,2007,7,29.100000000000023,1,26.200000000000053,,,,,
78922,2008,9,29.100000000000026,2,25.200000000000053,,,,,
78922,2009,10,29.700000000000053,3,25.600000000000023,,,,,
78922,2010,6,30.100000000000023,2,27.100000000000023,,,,,
78922,2011,6,29.600000000000023,2,26.300000000000008,,,,,
78922,2012,9,30.0,2,26.200000000000053,,,,,
78922,2013,9,29.55000000000001,2,26.350000000000023,,,,,
78922,2014,9,29.300000000000008,2,25.950000000000017,,,,,
78922,2015,9,30.25000000000003,3,26.200000000000053,12.0,4.0,9.0,0.0,
78922,2016,9,30.200000000000053,3,25.5,9.0,1.8,3.0,0.0,
78922,2017,8,30.05000000000001,1,26.50000000000003,3.0,12.3,11.0,0.0,
78922,2018,10,29.700000000000053,2,25.900000000000034,8.0,1.6,3.0,0.0,
78922,2019,10,30.600000000000023,3,26.600000000000023,8.0,1.2,2.0,0.0,
78925,1996,7,28.0,12,24.890000000000054,11.0,14.7,4.0,0.4,
78925,1997,9,28.700000000000053,2,25.100000000000023,7.0,3.9000000000000004,4.0,0.1,
78925,1998,6,28.55000000000001,2,25.300000000000008,12.0,7.8,2.0,0.2,
78925,1999,8,28.55000000000001,2,24.200000000000053,7.0,3.8,5.0,0.0,
78925,2000,8,28.300000000000008,3,24.100000000000023,11.0,6.2,6.0,0.2,
78925,2001,9,29.0,1,24.950000000000017,10.0,9.6,5.0,0.0,
78925,2002,8,28.300000000000008,2,24.850000000000023,2.0,4.8,3.0,0.2,
78925,2003,9,28.400000000000034,1,25.100000000000023,11.0,4.699999999999999,3.0,0.0,
78925,2004,8,28.55000000000001,1,24.900000000000034,11.0,6.2,8.0,0.2,
78925,2005,8,28.700000000000053,2,24.5,6.0,9.3,4.0,0.0,
78925,2006,5,28.55000000000001,1,25.300000000000008,1.0,4.2,3.0,0.2,
78925,2007,9,28.600000000000023,1,24.600000000000023,8.0,5.0,4.0,0.0,
78925,2008,8,28.700000000000053,2,24.900000000000034,10.0,9.600000000000001,5.0,0.1,
78925,2009,8,28.900000000000034,1,25.300000000000008,1.0,3.6,3.0,0.2,
78925,2010,7,29.200000000000053,1,25.300000000000008,7.0,5.8,2.0,0.0,
78925,2011,6,29.5,12,25.400000000000034,7.0,8.35,5.0,0.8,
78925,2012,10,28.800000000000008,2,25.600000000000023,5.0,4.3,3.0,0.2,
78925,2013,9,28.900000000000006,1,25.200000000000053,10.0,5.3,3.0,0.0,
78925,2014,7,28.5,2,25.400000000000006,11.0,5.4,3.0,0.2,
78925,2015,10,29.200000000000053,1,25.5,11.0,2.8,5.0,-0.1,
78925,2016,8,29.0,2,25.400000000000034,12.0,6.1,4.0,0.30000000000000004,
78925,2017,7,29.100000000000023,1,25.100000000000023,12.0,3.0,4.0,0.0,
78925,2018,9,28.650000000000038,2,25.600000000000026,8.0,4.3,3.0,0.6,
78925,2019,10,29.300000000000008,1,24.5,9.0,4.3,10.0,0.0,
81401,1996,10,28.390000000000054,2,25.600000000000023,2.0,12.0,9.0,0.2,
81401,1997,10,28.44500000000003,2,25.950000000000017,7.0,4.0,6.0,0.0,
81401,1998,10,28.5,1,26.34500000000003,4.0,7.0,7.0,0.0,
81401,1999,11,28.200000000000053,1,25.5,1.0,8.0,10.0,0.0,
81401,2000,10,27.700000000000053,1,24.5,4.0,15.0,9.0,0.0,
81401,2001,10,28.25000000000003,1,25.300000000000008,6.0,8.0,3.0,0.0,
81401,2002,10,28.400000000000034,6,25.800000000000008,6.0,6.0,9.0,0.0,
81401,2003,10,28.800000000000008,6,26.300000000000008,5.0,17.0,2.0,0.0,
81401,2004,11,30.550000000000043,5,25.700000000000053,6.0,11.5,5.0,0.0,
81401,2005,10,29.05000000000001,1,26.400000000000034,4.0,7.5,10.0,0.0,
81401,2006,10,29.100000000000023,1,25.450000000000017,1.0,13.5,9.0,0.2,
81401,2007,10,29.100000000000023,1,26.200000000000053,5.0,15.5,9.0,0.2,
81401,2008,11,29.5,2,25.400000000000034,5.0,5.0,11.0,0.0,
81401,2009,10,28.800000000000008,3,26.0,1.0,4.0,8.0,0.0,
81401,2010,10,29.300000000000008,1,26.600000000000023,5.0,9.0,9.0,0.0,
81401,2011,11,28.200000000000017,2,25.950000000000017,5.0,8.0,9.0,0.0,
81401,2012,10,29.100000000000023,1,25.700000000000053,5.0,8.0,9.0,0.1,
81401,2013,9,28.25000000000003,2,25.800000000000008,5.0,20.0,1.0,1.0,
81401,2014,10,29.200000000000053,2,25.100000000000023,6.0,7.5,9.0,0.2,
81401,2015,11,29.200000000000053,1,26.0,5.0,9.25,9.0,0.0,
81401,2016,11,28.950000000000017,2,26.100000000000023,6.0,10.8,7.0,0.1,
81401,2017,10,29.0,1,25.800000000000008,5.0,16.2,9.0,0.2,
81401,2018,10,29.00000000000003,2,25.200000000000017,12.0,2.8,9.0,0.2,
81401,2019,10,29.100000000000023,1,25.800000000000008,5.0,13.2,9.0,0.0,
81405,1996,10,28.5,1,25.5,6.0,11.0,9.0,0.0,
81405,1997,10,28.700000000000053,1,24.890000000000054,1.0,22.0,8.0,0.0,
81405,1998,9,28.300000000000008,12,26.390000000000054,4.0,18.0,9.0,0.0,
81405,1999,11,28.390000000000054,1,25.700000000000053,1.0,9.0,9.0,0.0,
81405,2000,10,28.850000000000023,1,24.950000000000017,1.0,19.0,10.0,0.0,
81405,2001,10,28.600000000000023,6,26.05000000000001,5.0,16.0,10.0,0.0,
81405,2002,10,28.600000000000023,6,25.900000000000034,4.0,17.0,9.0,0.0,
81405,2003,10,29.0,7,26.300000000000008,5.0,11.0,8.0,0.0,
81405,2004,11,28.800000000000008,6,25.5,6.0,11.0,11.0,0.0,
81405,2005,10,29.05000000000001,4,26.0,4.0,26.5,9.0,0.0,
81405,2006,10,28.900000000000034,6,25.0,,,,,
81405,2007,10,29.0,5,26.0,12.0,10.0,11.0,1.4,
81405,2008,11,29.200000000000053,5,25.700000000000053,7.0,13.0,9.0,0.0,
81405,2009,10,28.900000000000034,1,25.200000000000053,1.0,16.0,8.0,0.0,
81405,2010,10,29.5,12,26.200000000000053,5.0,19.0,9.0,0.0,
81405,2011,10,28.300000000000008,3,25.600000000000023,5.0,14.0,8.0,0.0,
81405,2012,10,28.900000000000034,1,25.100000000000023,2.0,19.0,9.0,0.0,
81405,2013,9,28.75000000000003,5,26.300000000000008,2.0,19.0,9.0,0.2,
81405,2014,10,29.0,1,25.200000000000053,6.0,9.5,9.0,0.2,
81405,2015,10,28.900000000000034,3,26.05000000000001,5.0,12.35,9.0,0.0,
81405,2016,10,29.0,12,26.800000000000008,5.0,14.6,9.0,0.0,
81405,2017,10,28.900000000000034,12,25.900000000000034,5.0,20.2,8.0,0.0,
81405,2018,11,28.950000000000017,2,25.450000000000017,5.0,16.0,8.0,0.0,
81405,2019,10,29.200000000000053,7,26.300000000000008,5.0,13.0,10.0,-0.1,
81408,1996,10,28.5,2,24.600000000000023,2.0,17.0,10.0,0.0,
81408,1997,10,28.700000000000053,1,25.200000000000053,5.0,11.0,10.0,0.0,
81408,1998,10,28.890000000000054,1,25.75000000000003,4.0,17.0,10.0,0.0,
81408,1999,11,28.600000000000023,2,25.300000000000008,2.0,13.0,11.0,0.0,
81408,2000,10,29.05000000000001,2,24.150000000000038,2.0,40.0,8.0,0.2,
81408,2001,10,29.05000000000001,1,25.300000000000008,5.0,17.0,8.0,0.2,
81408,2002,10,28.800000000000008,2,25.300000000000008,2.0,22.0,10.0,0.0,
81408,2003,10,29.100000000000023,2,25.850000000000023,5.0,16.0,8.0,0.2,
81408,2004,10,29.100000000000023,3,25.700000000000017,5.0,11.0,8.0,0.2,
81408,2005,10,29.700000000000053,12,25.900000000000034,4.0,26.0,9.0,0.2,
81408,2006,10,29.300000000000008,6,25.300000000000008,6.0,15.0,10.0,0.0,
81408,2007,10,29.400000000000034,2,26.100000000000023,5.0,13.0,9.0,0.1,
81408,2008,11,29.700000000000053,2,24.400000000000034,2.0,17.0,1.0,0.0,
81408,2009,10,28.900000000000034,1,25.0,1.0,18.0,8.0,0.0,
81408,2010,10,29.900000000000034,12,26.0,4.0,15.0,9.0,0.0,
81408,2011,10,28.700000000000053,3,25.400000000000034,2.0,17.0,8.0,0.2,
81408,2012,10,29.350000000000023,1,24.800000000000008,2.0,15.0,11.0,0.0,
81408,2013,9,29.0,5,25.300000000000008,5.0,14.5,8.0,0.2,
81408,2014,10,29.5,1,25.400000000000034,2.0,9.0,8.0,0.2,
81408,2015,10,29.600000000000023,3,25.200000000000053,5.0,21.9,8.0,0.0,
81408,2016,10,29.600000000000023,1,26.600000000000023,5.0,8.6,10.0,0.0,
81408,2017,10,29.400000000000034,1,25.400000000000034,1.0,17.7,8.0,0.2,
81408,2018,10,29.600000000000023,2,25.200000000000017,1.0,10.6,8.0,0.2,
81408,2019,10,28.400000000000034,1,25.900000000000034,5.0,12.05,9.0,0.0,
81415,1996,10,26.700000000000053,7,24.200000000000053,2.0,9.5,9.0,0.0,
81415,1997,10,27.650000000000038,2,24.200000000000017,5.0,10.0,9.0,0.0,
81415,1998,10,27.100000000000023,7,24.5,6.0,9.0,11.0,0.0,
81415,1999,11,27.0,7,23.700000000000017,1.0,9.0,11.0,0.0,
81415,2000,11,26.200000000000053,2,23.800000000000008,5.0,11.0,11.0,0.0,
81415,2001,10,27.100000000000023,1,24.0,4.0,7.0,10.0,0.0,
81415,2002,10,27.700000000000053,2,24.25000000000003,6.0,7.0,9.0,0.0,
81415,2003,10,27.400000000000034,2,24.600000000000023,5.0,7.0,9.0,0.0,
81415,2004,10,27.650000000000038,7,24.5,3.0,10.0,11.0,0.0,
81415,2005,10,27.700000000000053,7,24.800000000000008,5.0,9.0,9.0,0.2,
81415,2006,9,27.200000000000053,1,24.700000000000053,5.0,8.0,12.0,0.1,
81415,2007,10,27.200000000000053,7,24.700000000000017,4.0,7.0,2.0,0.2,
81415,2008,11,28.05000000000001,2,24.300000000000008,2.0,11.0,11.0,0.0,
81415,2009,10,27.950000000000017,2,24.600000000000023,1.0,9.0,10.0,0.0,
81415,2010,10,28.0,7,25.400000000000034,5.0,10.0,10.0,0.2,
81415,2011,6,29.00000000000003,2,24.850000000000023,2.0,9.0,8.0,0.2,
81415,2012,10,28.5,2,24.900000000000034,4.0,10.0,10.0,0.0,
81415,2013,9,27.400000000000034,2,24.850000000000023,5.0,12.0,9.0,0.4,
81415,2014,10,28.100000000000023,2,24.5,6.0,10.0,10.0,0.0,
81415,2015,10,28.200000000000053,3,24.700000000000053,6.0,10.2,10.0,0.0,
81415,2016,11,28.0,7,25.200000000000053,4.0,7.6,9.0,0.0,
81415,2017,9,27.800000000000008,1,24.800000000000008,6.0,47.4,8.0,0.0,
81415,2018,10,28.800000000000008,2,24.400000000000034,12.0,3.4000000000000004,10.0,0.0,
81415,2019,9,28.5,1,25.100000000000023,8.0,17.1,3.0,0.0,
89642,1996,1,-1.6099999999999568,5,-16.704999999999956,,,,,
89642,1997,1,-1.0,8,-21.649999999999977,,,,,
89642,1998,12,-1.1099999999999568,7,-22.399999999999977,,,,,
89642,1999,1,-2.2999999999999545,7,-19.299999999999983,,,,,
89642,2000,12,-2.2999999999999545,4,-19.19999999999999,,,,,
89642,2001,1,-0.19999999999998866,8,-16.599999999999966,,,,,
89642,2002,12,-1.1499999999999773,8,-18.99999999999997,,,,,
89642,2003,1,-0.8999999999999773,6,-18.19999999999999,,,,,
89642,2004,1,-0.14999999999997726,7,-20.19999999999999,,,,,
89642,2005,12,-0.8499999999999659,8,-18.09999999999998,,,,,
89642,2006,1,-0.549999999999983,8,-17.84999999999998,,,,,
89642,2007,1,-1.1999999999999886,8,-20.199999999999974,,,,,
89642,2008,12,-1.349999999999966,7,-18.549999999999983,,,,,
89642,2009,1,-0.4999999999999716,6,-16.099999999999966,,,,,
89642,2010,1,0.8000000000000114,9,-20.799999999999983,,,,,
89642,2011,1,-0.3999999999999773,7,-18.59999999999997,,,,,
89642,2012,12,-1.7499999999999716,7,-19.399999999999977,,,,,
89642,2013,1,-0.549999999999983,7,-20.69999999999999,,,,,
89642,2014,1,-0.19999999999998866,6,-23.899999999999977,,,,,
89642,2015,12,-1.099999999999966,6,-18.999999999999968,,,,,
89642,2016,1,-1.049999999999983,8,-18.899999999999977,,,,,
89642,2017,1,-0.3999999999999773,8,-19.09999999999998,,,,,
89642,2018,1,-0.7999999999999545,6,-19.799999999999983,,,,,
89642,2019,1,-1.1999999999999886,6,-19.299999999999983,,,,,
